{

  "name": "Austria",
  "cities": [
    "Absam",
    "Absdorf",
    "Abtenau",
    "Abtsdorf",
    "Ach",
    "Achenkirch",
    "Achensee",
    "Admont",
    "Adnet",
    "Afritz",
    "Aggsbach",
    "Aichbach",
    "Aichdorf",
    "Aifersdorf",
    "Aigen",
    "Aigen im Muehlkreis",
    "Ainet",
    "Aistersheim",
    "Alberndorf in der Riedmark",
    "Alberschwende",
    "Aldrans",
    "Alkoven",
    "Alland",
    "Allhartsberg",
    "Alpbach",
    "Altach",
    "Altenberg",
    "Altenberg bei Linz",
    "Altenburg",
    "Altendorf",
    "Altenhof am Hausruck",
    "Altenmarkt an der Triesting",
    "Altenmarkt im Pongau",
    "Altheim",
    "Althofen",
    "Altlengbach",
    "Altlichtenwarth",
    "Altmunster",
    "Altwaidhofen",
    "Am See",
    "Amaliendorf",
    "Ampass",
    "Ampfelwang",
    "Amstetten",
    "Andorf",
    "Anger",
    "Anif",
    "Annenheim",
    "Ansfelden",
    "Anthering",
    "Apfelberg",
    "Arbesthal",
    "Ardagger Markt",
    "Ardning",
    "Arnoldstein",
    "Arriach",
    "Asberg",
    "Aschach an der Donau",
    "Aschau",
    "Aspang Markt",
    "Asparn",
    "Asperhofen",
    "Asten",
    "Attersee",
    "Attnang-Puchheim",
    "Atzbach",
    "Au",
    "Auersthal",
    "Aufhausen",
    "Augsdorf",
    "Aurolzmunster",
    "Axams",
    "Bach",
    "Bad Blumau",
    "Bad Deutsch-Altenburg",
    "Bad Erlach",
    "Bad Fischau",
    "Bad Gams",
    "Bad Gastein",
    "Bad Gleichenberg",
    "Bad Goisern",
    "Bad Hall",
    "Bad Hofgastein",
    "Bad Ischl",
    "Bad Kreuzen",
    "Bad Pirawarth",
    "Bad Radkersburg",
    "Bad Schallerbach",
    "Bad Tatzmannsdorf",
    "Bad Voslau",
    "Baden bei Wien",
    "Baernbach",
    "Baldramsdorf",
    "Bartholomaberg",
    "Barwies",
    "Bauer",
    "Baumgarten im Burgenland",
    "Baumgartenberg",
    "Baumkirchen",
    "Berg",
    "Bergau",
    "Bergheim",
    "Berndorf",
    "Bernhardsthal",
    "Bernstein",
    "Berwang",
    "Bezau",
    "Biberbach",
    "Biberwier",
    "Bichlbach",
    "Biedermann",
    "Biedermannsdorf",
    "Birgitz",
    "Bisamberg",
    "Bizau",
    "Bleiberg ob Villach",
    "Bleiburg",
    "Blindenmarkt",
    "Bludenz",
    "Bludesch",
    "Blumau",
    "Bockfliess",
    "Bodensdorf",
    "Boheimkirchen",
    "Bosendurnbach",
    "Bramberg am Wildkogel",
    "Brandberg",
    "Braunau am Inn",
    "Bregenz",
    "Breitenbrunn",
    "Breitenfurt bei Wien",
    "Breitenwang",
    "Brixen im Thale",
    "Bruck am Ziller",
    "Bruck an der Grossglocknerstrasse",
    "Bruck an der Leitha",
    "Bruck an der Mur",
    "Bruckl",
    "Bruckneudorf",
    "Bruendl",
    "Bruggen",
    "Brunn am Gebirge",
    "Buch",
    "Buch bei Jenbach",
    "Buchkirchen",
    "Burgkirchen",
    "Burgschleinitz",
    "Burmoos",
    "Dalaas",
    "Dechantskirchen",
    "Dellach",
    "Desselbrunn",
    "Deutsch Goritz",
    "Deutsch-Wagram",
    "Deutschfeistritz",
    "Deutschkreutz",
    "Deutschlandsberg",
    "Diepoltsham",
    "Dietach",
    "Dietersdorf am Gnasbach",
    "Dobersberg",
    "Dobersdorf",
    "Doblbach",
    "Dobldorf",
    "Doebriach",
    "Donnerskirchen",
    "Doren",
    "Dorf",
    "Dorfgastein",
    "Dorfla",
    "Dornbirn",
    "Drassburg",
    "Drassmarkt",
    "Dross",
    "Durnstein",
    "Ebbs",
    "Eben im Pongau",
    "Ebenau",
    "Ebendorf",
    "Ebenfurth",
    "Ebensee",
    "Ebenthal",
    "Ebergassing",
    "Eberndorf",
    "Eberschwang",
    "Ebersdorf",
    "Eberstein",
    "Ebreichsdorf",
    "Eckartsau",
    "Edelschrott",
    "Edelstal",
    "Edlitz",
    "Edt bei Lambach",
    "Eferding",
    "Egg",
    "Egg am Faaker See",
    "Eggenburg",
    "Eggendorf",
    "Eggendorf im Thale",
    "Eggersdorf bei Graz",
    "Ehrenhausen",
    "Ehrwald",
    "Eibiswald",
    "Eichgraben",
    "Eisbach",
    "Eisenberg",
    "Eisenerz",
    "Eisenstadt",
    "Eisentratten",
    "Eisgarn",
    "Elixhausen",
    "Ellmau",
    "Elsbethen",
    "Emberg",
    "Emmersdorf an der Donau",
    "Engelhartszell",
    "Engersdorf",
    "Engerwitzdorf",
    "Enns",
    "Ennsdorf",
    "Enzenkirchen",
    "Enzenreith",
    "Enzersdorf an der Fischa",
    "Enzersfeld",
    "Enzesfeld",
    "Erlauf",
    "Ernst",
    "Ernstbrunn",
    "Ernsthofen",
    "Erpersdorf",
    "Erpfendorf",
    "Esternberg",
    "Eugendorf",
    "Faak am See",
    "Falkenburg",
    "Fehring",
    "Feistritz",
    "Feistritz an der Drau",
    "Feld am See",
    "Feldbach",
    "Feldkirch",
    "Feldkirchen an der Donau",
    "Feldkirchen bei Graz",
    "Feldkirchen bei Mattighofen",
    "Feldkirchen in Karnten",
    "Felixdorf",
    "Ferndorf",
    "Fernitz",
    "Feuchten",
    "Feuersbrunn",
    "Fieberbrunn",
    "Filzmoos",
    "Finkenberg",
    "Finsing",
    "Fischamend Dorf",
    "Fischbach",
    "Fischerndorf",
    "Fiss",
    "Flachau",
    "Fladnitz im Raabtal",
    "Flattach",
    "Fliess",
    "Flinsdorf",
    "Foederlach",
    "Fohnsdorf",
    "Forst",
    "Frankenburg",
    "Frankenmarkt",
    "Frattingsdorf",
    "Frauenkirchen",
    "Freienstein",
    "Freilassing",
    "Freinberg",
    "Freistadt",
    "Friedburg",
    "Friesach",
    "Frohnleiten",
    "Fuernitz",
    "Fuerstenfeld",
    "Fugen",
    "Fulpmes",
    "Furthof",
    "Fusch an der Glocknerstrasse",
    "Fuschl am See",
    "Fussach",
    "Gaaden",
    "Gaal",
    "Gablitz",
    "Gaflenz",
    "Gailitz",
    "Gaisberg",
    "Gallbrunn",
    "Gallneukirchen",
    "Gallspach",
    "Gallzein",
    "Galtur",
    "Gaming",
    "Gampern",
    "Gansbach",
    "Ganserndorf",
    "Gargellen",
    "Gars am Kamp",
    "Garsten",
    "Gaschurn",
    "Gaspoltshofen",
    "Gasthof",
    "Gattendorf",
    "Gaweinstal",
    "Geinberg",
    "Geras",
    "Gerasdorf am Steinfelde",
    "Gerasdorf bei Wien",
    "Gerersdorf",
    "Gerlos",
    "Getzersdorf",
    "Gfohl",
    "Giesshubl",
    "Glan",
    "Glaubendorf",
    "Gleisdorf",
    "Glinzendorf",
    "Gloggnitz",
    "Gmund",
    "Gmunden",
    "Gnadenwald",
    "Gnas",
    "Gobelsburg",
    "Goedersdorf",
    "Goesselsdorf",
    "Gofis",
    "Going",
    "Goldegg",
    "Gollersdorf",
    "Golling an der Salzach",
    "Gols",
    "Gortipohl",
    "Gosau",
    "Gosdorf",
    "Gosing",
    "Gostling an der Ybbs",
    "Gotzendorf",
    "Gotzendorf an der Leitha",
    "Gotzens",
    "Gotzis",
    "Grabelsdorf",
    "Graen",
    "Grafenbach",
    "Grafendorf",
    "Grafendorf bei Hartberg",
    "Grafendorf bei Stainz",
    "Grafenschlag",
    "Grafenstein",
    "Grafenweg",
    "Grafenworth",
    "Gramastetten",
    "Gramatneusiedl",
    "Grambach",
    "Gratkorn",
    "Gratwein",
    "Graz",
    "Grein",
    "Gresten",
    "Gries",
    "Gries am Brenner",
    "Grieselstein",
    "Grieskirchen",
    "Griffen",
    "Grimmenstein",
    "Grobming",
    "Grodig",
    "Gross",
    "Gross-Enzersdorf",
    "Gross-Schweinbarth",
    "Gross-Siegharts",
    "Grossarl",
    "Grossebersdorf",
    "Grossklein",
    "Grosspesendorf",
    "Grossraming",
    "Grossrussbach",
    "Grossweikersdorf",
    "Grunbach am Schneeberg",
    "Gruner Baum",
    "Gschnitz",
    "Guessing",
    "Gugging",
    "Guglwald",
    "Gumpoldskirchen",
    "Gunselsdorf",
    "Gunskirchen",
    "Guntersdorf",
    "Guntramsdorf",
    "Gurten",
    "Gurtis",
    "Gutau",
    "Gutenstein",
    "Guttaring",
    "Haag",
    "Haag am Hausruck",
    "Hadersdorf am Kamp",
    "Hadersfeld",
    "Hadres",
    "Hagenberg im Muhlkreis",
    "Haibach ob der Donau",
    "Haid",
    "Haidershofen",
    "Haiming",
    "Haimingerberg",
    "Hainburg an der Donau",
    "Hainfeld",
    "Halbturn",
    "Haldensee",
    "Hall",
    "Hall in Tirol",
    "Hallein",
    "Haller",
    "Hallstatt",
    "Harbach",
    "Hard",
    "Hart",
    "Hartberg",
    "Hartkirchen",
    "Haslau an der Donau",
    "Hatting",
    "Hatzendorf",
    "Haus",
    "Hausbrunn",
    "Hausleiten",
    "Hausmannstatten",
    "Hautzendorf",
    "Heidenreichstein",
    "Heiligenkreuz am Waasen",
    "Heimschuh",
    "Heissberg",
    "Heissingfelding",
    "Heiterwang",
    "Hellmonsodt",
    "Henndorf am Wallersee",
    "Hennersdorf",
    "Hermagor",
    "Hernstein",
    "Herrnbaumgarten",
    "Herzogenburg",
    "Herzogsdorf",
    "Himberg",
    "Himmelreich",
    "Hinterbruehl",
    "Hinterburg",
    "Hinterglemm",
    "Hintersdorf",
    "Hinterstoder",
    "Hinterthiersee",
    "Hintertux",
    "Hinterwaldberg",
    "Hipping",
    "Hirm",
    "Hirschegg",
    "Hirtenberg",
    "Hochburg",
    "Hochgurgl",
    "Hochleithen",
    "Hochneukirchen",
    "Hochsoelden",
    "Hochst",
    "Hoehe",
    "Hof am Leithaberge",
    "Hof bei Salzburg",
    "Hofen",
    "Hofkirchen im Traunkreis",
    "Hoflein",
    "Hofstatten an der Raab",
    "Hofstetten",
    "Hohenau",
    "Hohenberg",
    "Hohenburg",
    "Hoheneich",
    "Hohenems",
    "Hohentauern",
    "Hohenwarth",
    "Hohenzell",
    "Hohnhart",
    "Hollabrunn",
    "Hollenthon",
    "Hollersbach im Pinzgau",
    "Holzhausen",
    "Hopfgarten im Brixental",
    "Horbranz",
    "Horersdorf",
    "Horn",
    "Hornstein",
    "Horsching",
    "Huetten",
    "Huttschlag",
    "Igls",
    "Im Brand",
    "Imst",
    "Innerkrems",
    "Innermanzing",
    "Innsbruck",
    "Inzersdorf im Kremstal",
    "Inzing",
    "Ischgl",
    "Isper",
    "Jagenbach",
    "Jagerberg",
    "Japons",
    "Jeging",
    "Jenbach",
    "Jennersdorf",
    "Jerzens",
    "Jochberg",
    "Jois",
    "Judenau",
    "Judenburg",
    "Judendorf",
    "Jungholz",
    "Kainach bei Voitsberg",
    "Kaindorf",
    "Kalsdorf bei Graz",
    "Kaltenbrunn",
    "Kaltenleutgeben",
    "Kanzelhoehe",
    "Kapelln",
    "Kapfenberg",
    "Kapfing",
    "Kappern",
    "Kappl",
    "Kaprun",
    "Karl",
    "Karlstetten",
    "Karteis",
    "Katsdorf",
    "Katzelsdorf",
    "Kaumberg",
    "Kefermarkt",
    "Kematen in Tirol",
    "Kennelbach",
    "Keutschach am See",
    "Kienberg",
    "Kierling",
    "Kilb",
    "Kindberg",
    "Kirchbach in Steiermark",
    "Kirchberg am Wagram",
    "Kirchberg in Tirol",
    "Kirchbichl",
    "Kirchdorf an der Krems",
    "Kirchdorf in Tirol",
    "Kirchham",
    "Kirchschlag",
    "Kirchschlag bei Linz",
    "Kittsee",
    "Klagenfurt",
    "Klam",
    "Klaus",
    "Klein-Harras",
    "Kleinbergl",
    "Kleinkirchheim",
    "Kleinstubing",
    "Klingfurth",
    "Klosterle",
    "Klostermarienberg",
    "Klosterneuburg",
    "Knappenberg",
    "Knittelfeld",
    "Kobenz",
    "Kobersdorf",
    "Koblach",
    "Koestenberg",
    "Koetschach",
    "Koflach",
    "Kollmitzberg",
    "Konigstetten",
    "Konigswiesen",
    "Kopfing im Innkreis",
    "Koppl",
    "Korneuburg",
    "Kossen",
    "Kottingbrunn",
    "Kottmannsdorf",
    "Kraig",
    "Kramsach",
    "Krems",
    "Kremsbruecke",
    "Kremsdorf",
    "Kremsmunster",
    "Krenglbach",
    "Kreuz",
    "Krieglach",
    "Krispl",
    "Kritzendorf",
    "Kroatisch Minihof",
    "Krottendorf bei Ligist",
    "Krumbach",
    "Krumbach Markt",
    "Krumegg",
    "Krumpendorf",
    "Kuchl",
    "Kuehnsdorf",
    "Kuehtai",
    "Kufstein",
    "Kumberg",
    "Kundl",
    "Laa an der Thaya",
    "Laab im Walde",
    "Laaben",
    "Laakirchen",
    "Labach",
    "Lambrechten",
    "Lamprechtshausen",
    "Landeck",
    "Landegg",
    "Landskron",
    "Lanersbach",
    "Langeck im Burgenland",
    "Langenlois",
    "Langenrohr",
    "Langenstein",
    "Langenzersdorf",
    "Lannach",
    "Lanzenkirchen",
    "Lassee",
    "Lassnitzhohe",
    "Latschach",
    "Launsdorf",
    "Lauterach",
    "Lavamund",
    "Lavant",
    "Laxenburg",
    "Lebring",
    "Lech",
    "Lechaschau",
    "Leibnitz, Styria",
    "Leisach",
    "Leiten",
    "Leitring",
    "Lembach im Muhlkreis",
    "Lend",
    "Lendorf",
    "Lenzing",
    "Leoben",
    "Leobendorf",
    "Leobersdorf",
    "Leogang",
    "Leonding",
    "Leonfelden",
    "Leopoldsdorf",
    "Lermoos",
    "Leutasch",
    "Leutschach",
    "Lichtenau",
    "Lichtenberg",
    "Lichtenegg",
    "Lichtenworth",
    "Liebenfels",
    "Lieboch",
    "Lienz",
    "Liesfeld",
    "Liezen",
    "Ligist",
    "Lilienfeld",
    "Lindenberg",
    "Linz",
    "Litschau",
    "Lobenstein",
    "Lochau",
    "Lochen",
    "Lofer",
    "Lohnsburg",
    "Loimersdorf",
    "Loipersbach",
    "Loosdorf",
    "Loretto",
    "Ludesch",
    "Luftenberg an der Donau",
    "Lungotz",
    "Lustenau",
    "Lutzmannsburg",
    "Mader",
    "Madseit",
    "Maglern",
    "Maiersdorf",
    "Maildorf",
    "Mairhof",
    "Maissau",
    "Mallnitz",
    "Mandling",
    "Mank",
    "Mannersdorf am Leithagebirge",
    "Mannersdorf an der Rabnitz",
    "Mannsworth",
    "Marbach",
    "Marchegg",
    "Marchtrenk",
    "Margarethen am Moos",
    "Maria Alm am Steinernen Meer",
    "Maria Buch",
    "Maria Elend",
    "Maria Ellend",
    "Maria Enzersdorf",
    "Maria Lankowitz",
    "Maria Lanzendorf",
    "Maria Saal",
    "Maria Schmolln",
    "Maria Taferl",
    "Maria Worth",
    "Maria-Anzbach",
    "Mariazell",
    "Markgrafneusiedl",
    "Markt Allhau",
    "Markt Neuhodis",
    "Markt Piesting",
    "Marktl",
    "Marz",
    "Mathon",
    "Matrei am Brenner",
    "Matrei in Osttirol",
    "Mattersburg",
    "Mattsee",
    "Mauerbach",
    "Mauerkirchen",
    "Maurach",
    "Mauterndorf",
    "Mauthausen",
    "Mayrhofen",
    "Meggenhofen",
    "Mehrnbach",
    "Meiningen",
    "Meisten",
    "Melk",
    "Mellach",
    "Mettmach",
    "Michelbach Markt",
    "Micheldorf in Oberoesterreich",
    "Mieming",
    "Miesenbach",
    "Millstatt",
    "Mistelbach",
    "Mittelberg",
    "Mitterdorf im Muerztal",
    "Mitterkirchen im Machland",
    "Mitterndorf an der Fischa",
    "Mittersill",
    "Moellbruecke",
    "Mollersdorf",
    "Molln",
    "Mollram",
    "Monchhof",
    "Mondsee",
    "Moos",
    "Moosburg",
    "Moosdorf",
    "Mooskirchen",
    "Mosern",
    "Motz",
    "Muckendorf an der Donau",
    "Muerzhofen",
    "Muerzsteg",
    "Muerzzuschlag",
    "Muhlbach am Manhartsberg",
    "Munchendorf",
    "Muntlix",
    "Munzbach",
    "Munzkirchen",
    "Murau",
    "Murfeld",
    "Mutters",
    "Naarn im Machlande",
    "Nassereith",
    "Natternbach",
    "Nauders",
    "Neckenmarkt",
    "Neidling",
    "Nenzing",
    "Nesselwangle",
    "Nestelbach bei Graz",
    "Neudau",
    "Neudorf bei Landsee",
    "Neudorf bei Staatz",
    "Neudorfl",
    "Neufeld an der Leitha",
    "Neuhofen",
    "Neuhofen an der Krems",
    "Neuhofen an der Ybbs",
    "Neukirchen",
    "Neukirchen am Walde",
    "Neukirchen an der Enknach",
    "Neukirchen an der Vockla",
    "Neulengbach",
    "Neumarkt am Wallersee",
    "Neumarkt an der Ybbs",
    "Neumarkt im Hausruckkreis",
    "Neumarkt im Muhlkreis",
    "Neumarkt in Steiermark",
    "Neunkirchen",
    "Neusiedl am See",
    "Neusiedl bei Guessing",
    "Neustift",
    "Neutal",
    "Neuzeug",
    "Nickelsdorf",
    "Niederachen",
    "Niederalm",
    "Niederdorf",
    "Niederkreuzstetten",
    "Niederland",
    "Niederleis",
    "Niederndorf",
    "Niederneukirchen",
    "Niederwaldkirchen",
    "Niederwolz",
    "Nochling",
    "Nussdorf",
    "Nussdorf am Haunsberg",
    "Nuziders",
    "Obdach",
    "Ober-Grafendorf",
    "Oberaich",
    "Oberaichwald",
    "Oberalm",
    "Oberau",
    "Obergruenburg",
    "Obergurgl",
    "Oberhausen",
    "Oberhofen im Inntal",
    "Oberkappel",
    "Oberkirchbach",
    "Oberkohlstaetten",
    "Obernberg",
    "Obernberg am Brenner",
    "Oberndorf an der Melk",
    "Oberndorf bei Salzburg",
    "Oberneukirchen",
    "Oberort",
    "Oberperfuss",
    "Oberpullendorf",
    "Oberrohrbach",
    "Oberschutzen",
    "Obersdorf",
    "Obersiebenbrunn",
    "Obertauern",
    "Obertrum am See",
    "Obervellach",
    "Oberwaltersdorf",
    "Oberwart",
    "Oberweis",
    "Oberwolbling",
    "Obritzberg",
    "Obsteig",
    "Oed",
    "Oehling",
    "Oepping",
    "Oetz",
    "OEtztal-Bahnhof",
    "Offenhausen",
    "Oftering",
    "Oggau",
    "Ohlsdorf",
    "Ollern",
    "Opponitz",
    "Ort im Innkreis",
    "Orth an der Donau",
    "Oslip",
    "Ossiach",
    "Ostermiething",
    "Ottendorf bei Gleisdorf",
    "Ottenheim",
    "Ottensheim",
    "Pabneukirchen",
    "Pachfurth",
    "Paldau",
    "Panzendorf",
    "Parndorf",
    "Parschlug",
    "Pasching",
    "Passail",
    "Passthurn",
    "Patsch",
    "Pattergassen",
    "Payerbach",
    "Peggau",
    "Perchtoldsdorf",
    "Perg",
    "Pernegg an der Mur",
    "Pernitz",
    "Pertisau",
    "Perwang am Grabensee",
    "Petersdorf",
    "Petronell-Carnuntum",
    "Pettenbach",
    "Pettnau",
    "Pettneu",
    "Petzenkirchen",
    "Peuerbach",
    "Pfaffstatten",
    "Pfons",
    "Pfunds",
    "Piberbach",
    "Pichl",
    "Pichl bei Wels",
    "Pichling bei Stainz",
    "Piesendorf",
    "Pillberg",
    "Pillichsdorf",
    "Pinggau",
    "Pinkafeld",
    "Pinsdorf",
    "Piringsdorf",
    "Pirka",
    "Pischeldorf",
    "Pischelsdorf am Engelbach",
    "Pischelsdorf in Steiermark",
    "Pitten",
    "Plangeross",
    "Plankenau",
    "Plescherken",
    "Pochlarn",
    "Poelten",
    "Poertschach am Woerthersee",
    "Poetting",
    "Poggstall",
    "Polfing",
    "Pottelsdorf",
    "Pottenbrunn",
    "Pottendorf",
    "Pottenstein",
    "Pottsching",
    "Potzneusiedl",
    "Poysbrunn",
    "Poysdorf",
    "Prabach",
    "Pram",
    "Preding",
    "Pregarten",
    "Pressbaum",
    "Prinzersdorf",
    "Puch",
    "Puch bei Hallein",
    "Puchberg am Schneeberg",
    "Puchenau",
    "Pucking",
    "Purbach",
    "Purbach am Neusiedlersee",
    "Purgg",
    "Purgstall",
    "Purkersdorf",
    "Pyhra",
    "Raab",
    "Raaba",
    "Raabs an der Thaya",
    "Radfeld",
    "Radstadt",
    "Ramsau im Zillertal",
    "Randegg",
    "Rangersdorf",
    "Rankweil",
    "Rannersdorf",
    "Rappoltenkirchen",
    "Rauchenwarth",
    "Rauris",
    "Redlham",
    "Regau",
    "Regelsbrunn",
    "Reichenau an der Rax",
    "Reichenau im Muhlkreis",
    "Reichendorf",
    "Reichraming",
    "Reifnitz",
    "Reisenberg",
    "Reitdorf",
    "Reith",
    "Reith bei Seefeld",
    "Reith im Alpbachtal",
    "Rekawinkel",
    "Reutte",
    "Ried im Innkreis",
    "Ried im Traunkreis",
    "Ried im Zillertal",
    "Ried in der Riedmark",
    "Riedenthal",
    "Rieding",
    "Riedlingsdorf",
    "Riefensberg",
    "Riegersburg",
    "Riezlern",
    "Ringelsdorf",
    "Rinn",
    "Rohrau",
    "Rohrbach am Kulm",
    "Rohrbach am Steinfelde",
    "Rohrbach in Oberosterreich",
    "Rohrmoos",
    "Roppen",
    "Rosegg",
    "Rosenau am Hengstpass",
    "Rosenbach",
    "Rosental",
    "Rotenbach",
    "Rothis",
    "Rotholz",
    "Rottenbach",
    "Rottenmann",
    "Rubring",
    "Ruden",
    "Rudersdorf",
    "Rum",
    "Rutzenmoos",
    "Saalbach",
    "Saalfelden am Steinernen Meer",
    "Sachendorf",
    "Sachsenburg",
    "Saint Anton",
    "Salzburg",
    "Sankt Agatha",
    "Sankt Andra am Zicksee",
    "Sankt Andrae",
    "Sankt Florian",
    "Sankt Gallenkirch",
    "Sankt Georgen am Ybbsfelde",
    "Sankt Georgen im Attergau",
    "Sankt Johann im Pongau",
    "Sankt Kanzian",
    "Sankt Kathrein am Hauenstein",
    "Sankt Lorenzen",
    "Sankt Lorenzen im Muerztal",
    "Sankt Margarethen im Burgenland",
    "Sankt Marienkirchen am Hausruck",
    "Sankt Martin am Techelsberg",
    "Sankt Martin am Ybbsfelde",
    "Sankt Michael im Burgenland",
    "Sankt Michael in Obersteiermark",
    "Sankt Oswald",
    "Sankt Pankraz",
    "Sankt Peter",
    "Sankt Polten",
    "Sankt Ruprecht an der Raab",
    "Sankt Stefan im Rosental",
    "Sankt Ulrich bei Steyr",
    "Sankt Valentin",
    "Sankt Veit an der Glan",
    "Sankt Veit im Pongau",
    "Sankt Wolfgang",
    "Sarleinsbach",
    "Satteins",
    "Sauerbrunn",
    "Sausenstein",
    "Schachendorf",
    "Schalchen",
    "Schardenberg",
    "Scharding",
    "Scharnstein",
    "Scharten",
    "Schattendorf",
    "Scheffau am Wilden Kaiser",
    "Scheifling",
    "Schiefling am See",
    "Schladming",
    "Schleinbach",
    "Schlierbach",
    "Schlins",
    "Schlitters",
    "Schmirn",
    "Schneeberg",
    "Schoenau",
    "Schoenberg im Stubaital",
    "Schoerfling",
    "Schonbuhel an der Donau",
    "Schongrabern",
    "Schonkirchen",
    "Schoppernau",
    "Schrems",
    "Schruns",
    "Schutzen am Gebirge",
    "Schwadorf",
    "Schwaigs",
    "Schwanberg",
    "Schwanenstadt",
    "Schwarzach",
    "Schwarzach im Pongau",
    "Schwarzau am Steinfelde",
    "Schwarzau im Gebirge",
    "Schwarzenau",
    "Schwarzenberg am Boehmerwald",
    "Schwaz",
    "Schwechat",
    "Schweiggers",
    "Schwendau",
    "Schwertberg",
    "Schwoich",
    "Sebersdorf",
    "Seckau",
    "Seeboden",
    "Seefeld in Tirol",
    "Seeham",
    "Seekirchen am Wallersee",
    "Seewalchen",
    "Seiersberg",
    "Seitenstetten Markt",
    "Semmering",
    "Semriach",
    "Serfaus",
    "Sernau",
    "Sibratsgfall",
    "Siebenhirten",
    "Siegendorf im Burgenland",
    "Sieghartskirchen",
    "Sierndorf",
    "Sierning",
    "Siezenheim",
    "Sillian",
    "Silz",
    "Sinabelkirchen",
    "Sinnersdorf",
    "Sipbachzell",
    "Sirnitz",
    "Sistrans",
    "Sitzenberg",
    "Solden",
    "Soll",
    "Sollenau",
    "Sommerein",
    "Sooss",
    "Spielberg bei Knittelfeld",
    "Spillern",
    "Spital am Pyhrn",
    "Spittal an der Drau",
    "Spitz",
    "Spratzern",
    "Staatz",
    "Stadelbach",
    "Stadl-Paura",
    "Stadtschlaining",
    "Stainz",
    "Stainz bei Straden",
    "Stams",
    "Stans",
    "Stattegg",
    "Statzendorf",
    "Steg",
    "Stegersbach",
    "Stein an der Donau",
    "Stein an der Enns",
    "Stein im Jauntal",
    "Steinabruckl",
    "Steinach am Brenner",
    "Steinakirchen am Forst",
    "Steinberg bei Ligist",
    "Steindorf am Ossiacher See",
    "Steinerberg",
    "Steinerkirchen an der Traun",
    "Steinfeld",
    "Steinhaus",
    "Steinhaus am Semmering",
    "Stettenhof",
    "Steyr",
    "Steyregg",
    "Stiegl",
    "Stockerau",
    "Stoob",
    "Straden",
    "Strass",
    "Strassen",
    "Strassengel",
    "Strasshof an der Nordbahn",
    "Strasswalchen",
    "Strau",
    "Strobl",
    "Stubach",
    "Stubenberg",
    "Studenzen",
    "Stuhlfelden",
    "Stuhlsdorf",
    "Stumm",
    "Stummerberg",
    "Sulz",
    "Sulz im Wienerwald",
    "Sulzau",
    "Sulzberg",
    "Tadten",
    "Tal",
    "Tamsweg",
    "Tannheim",
    "Tarrenz",
    "Tattendorf",
    "Taufkirchen an der Pram",
    "Taufkirchen an der Trattnach",
    "Tauplitz",
    "Taxenbach",
    "Telfes im Stubai",
    "Telfs",
    "Ternberg",
    "Ternitz",
    "Teufenbach",
    "Thal",
    "Thalgau",
    "Thalheim bei Wels",
    "Thalling",
    "Thaur",
    "Thaya",
    "Theresienfeld",
    "Thoerl",
    "Thuringen",
    "Tiefenbach",
    "Tiefgraben",
    "Tieschen",
    "Tirol",
    "Tobaj",
    "Toeschling",
    "Toesenssteinach",
    "Traboch",
    "Traisen",
    "Traiskirchen",
    "Traismauer",
    "Trasdorf",
    "Traun",
    "Traunkirchen",
    "Traunstein",
    "Trausdorf an der Wulka",
    "Trautmannsdorf an der Leitha",
    "Tribuswinkel",
    "Trieben",
    "Tristach",
    "Troepolach",
    "Trofaiach",
    "Trumau",
    "Tschagguns",
    "Tschoeran",
    "Tulln",
    "Tullnerbach-Lawies",
    "Tumeltsham",
    "Turnitz",
    "Turrach",
    "Tweng",
    "Uderns",
    "Ulmerfeld",
    "Ulrichsberg",
    "Ulrichskirchen",
    "Ungenach",
    "Unterberg",
    "Untergrub",
    "Unterjoch",
    "Unterlamm",
    "Unterparschenbrunn",
    "Unterpremstatten",
    "Unterpullendorf",
    "Unterpurkla",
    "Unterradlberg",
    "Unterrohr",
    "Untersiebenbrunn",
    "Unterwaltersdorf",
    "Unterweitersdorf",
    "Unzmarkt",
    "Uttendorf",
    "Utzenaich",
    "Veitsch",
    "Velden am Woerthersee",
    "Vent",
    "Vienna",
    "Vigaun",
    "Viktorsberg",
    "Viktring",
    "Villach",
    "Virgen",
    "Vitis",
    "Vocklabruck",
    "Vocklamarkt",
    "Voelkermarkt",
    "Voitsberg",
    "Volders",
    "Vols",
    "Vorau",
    "Vorchdorf",
    "Vorderlanersbach",
    "Vordernberg",
    "Vosendorf",
    "Wagna",
    "Wagrain",
    "Waidhofen an der Thaya",
    "Waidhofen an der Ybbs",
    "Waidmannsfeld",
    "Waidring",
    "Waizenkirchen",
    "Walbersdorf",
    "Walchsee",
    "Wald am Arlberg",
    "Waldenstein",
    "Walding",
    "Waldkirchen am Wesen",
    "Waldzell",
    "Wallern an der Trattnach",
    "Wallern im Burgenland",
    "Wallsee",
    "Wals",
    "Waltersdorf an der March",
    "Waltersdorf in Oststeiermark",
    "Wampersdorf",
    "Wang",
    "Wangle",
    "Wartberg",
    "Wartberg an der Krems",
    "Warth",
    "Wattens",
    "Watzelsdorf",
    "Watzendorf",
    "Waxenberg",
    "Weibern",
    "Weiden am See",
    "Weigelsdorf",
    "Weikendorf",
    "Weikersdorf am Steinfelde",
    "Weilbach",
    "Weiler",
    "Weinburg am Sassbach",
    "Weissbriach",
    "Weissenbach am Lech",
    "Weissenkirchen in der Wachau",
    "Weisskirchen an der Traun",
    "Weisskirchen in Steiermark",
    "Weiten",
    "Weitersfeld",
    "Weitra",
    "Weiz",
    "Wels",
    "Weng bei Admont",
    "Weng im Innkreis",
    "Wenns",
    "Weppersdorf",
    "Werfen",
    "Werfenweng",
    "Werndorf",
    "Wernstein am Inn",
    "Westendorf",
    "Wettmannstatten",
    "Wiener Neudorf",
    "Wiener Neustadt",
    "Wienerherberg",
    "Wies",
    "Wieselburg",
    "Wiesing",
    "Wiesmath",
    "Wieting",
    "Wildon",
    "Wilfleinsdorf",
    "Wilhelmsburg",
    "Wilhering",
    "Wimpassing an der Leitha",
    "Wimpassing im Schwarzatale",
    "Winden am See",
    "Windischgarsten",
    "Winkl",
    "Winzendorf",
    "Woelfnitz",
    "Wolfau",
    "Wolfpassing",
    "Wolfsberg",
    "Wolfsgraben",
    "Wolfurt",
    "Wolkersdorf im Weinviertel",
    "Wollersdorf",
    "Wordern",
    "Worgl",
    "Wulkaprodersdorf",
    "Wundschuh",
    "Wurflach",
    "Wurmbrand",
    "Ybbs an der Donau",
    "Ybbsitz",
    "Zams",
    "Zeillern",
    "Zeiselmauer",
    "Zell am Moos",
    "Zell am See",
    "Zell am Ziller",
    "Zell an der Ybbs",
    "Zellerndorf",
    "Zeltweg",
    "Zemendorf",
    "Zettling",
    "Ziersdorf",
    "Zillingdorf",
    "Zillingtal",
    "Zipf",
    "Zirl",
    "Zistersdorf",
    "Zobing",
    "Zuers",
    "Zurndorf",
    "Zwentendorf",
    "Zwettl Stadt",
    "Zwolfaxing",
    "Andau",
    "Antau",
    "Apetlon",
    "Bad Sauerbrunn",
    "Badersdorf",
    "Bocksdorf",
    "Deutsch Jahrndorf",
    "Deutsch Kaltenbrunn",
    "Eberau",
    "Eisenstadt Stadt",
    "Eisenstadt-Umgebung",
    "Eltendorf",
    "Forchtenstein",
    "Grafenschachen",
    "Grosshöflein",
    "Grosspetersdorf",
    "Güssing",
    "Güttenbach",
    "Hackerberg",
    "Hannersdorf",
    "Heiligenbrunn",
    "Heiligenkreuz im Lafnitztal",
    "Heugraben",
    "Horitschon",
    "Illmitz",
    "Inzenhof",
    "Jabing",
    "Kaisersdorf",
    "Kemeten",
    "Kleinhöflein im Burgenland",
    "Kleinmürbisch",
    "Klingenbach",
    "Kohfidisch",
    "Königsdorf",
    "Krensdorf",
    "Kukmirn",
    "Lackenbach",
    "Lackendorf",
    "Leithaprodersdorf",
    "Litzelsdorf",
    "Lockenhaus",
    "Loipersbach im Burgenland",
    "Mariasdorf",
    "Markt Sankt Martin",
    "Mischendorf",
    "Mitterpullendorf",
    "Mogersdorf",
    "Mönchhof",
    "Mörbisch am See",
    "Moschendorf",
    "Mühlgraben",
    "Müllendorf",
    "Neuberg im Burgenland",
    "Neudörfl",
    "Neuhaus am Klausenbach",
    "Neustift an der Lafnitz",
    "Neustift bei Güssing",
    "Nikitsch",
    "Oberdorf im Burgenland",
    "Oberloisdorf",
    "Oberschützen",
    "Olbendorf",
    "Ollersdorf im Burgenland",
    "Pama",
    "Pamhagen",
    "Pilgersdorf",
    "Podersdorf am See",
    "Politischer Bezirk Güssing",
    "Politischer Bezirk Jennersdorf",
    "Politischer Bezirk Mattersburg",
    "Politischer Bezirk Neusiedl am See",
    "Politischer Bezirk Oberpullendorf",
    "Politischer Bezirk Oberwart",
    "Pöttelsdorf",
    "Pöttsching",
    "Purbach am Neusiedler See",
    "Raiding",
    "Rechnitz",
    "Ritzing",
    "Rohr im Burgenland",
    "Rohrbach bei Mattersburg",
    "Rotenturm an der Pinka",
    "Rust",
    "Rust Stadt",
    "Sankt Andrä am Zicksee",
    "Sankt Georgen am Leithagebirge",
    "Sankt Martin an der Raab",
    "Schandorf",
    "Schützen am Gebirge",
    "Sieggraben",
    "Sigless",
    "Steinbrunn",
    "Stinatz",
    "Stotzing",
    "Strem",
    "Tschanigraben",
    "Unterfrauenhaid",
    "Unterkohlstätten",
    "Unterwart",
    "Weichselbaum",
    "Weiden bei Rechnitz",
    "Weingraben",
    "Wiesen",
    "Wiesfleck",
    "Wörterberg",
    "Zagersdorf",
    "Albeck",
    "Annabichl",
    "Auen",
    "Bad Bleiberg",
    "Bad Eisenkappel",
    "Bad Kleinkirchheim",
    "Bad Sankt Leonhard im Lavanttal",
    "Berg im Drautal",
    "Brückl",
    "Dellach im Drautal",
    "Deutsch Griffen",
    "Deutsch-Griffen",
    "Diex",
    "Döbriach",
    "Draschen",
    "Ebriach",
    "Eisenkappel-Vellach",
    "Feffernitz",
    "Feistritz an der Gail",
    "Feistritz im Rosental",
    "Feistritz ob Bleiburg",
    "Feldkirchen District",
    "Feldkirchen in Kärnten",
    "Ferlach",
    "Finkenstein",
    "Finkenstein am Faaker See",
    "Föderlach I",
    "Frantschach-Sankt Gertraud",
    "Frauenstein",
    "Fresach",
    "Fresen",
    "Fürnitz",
    "Gallizien",
    "Gemmersdorf",
    "Gerlamoos",
    "Gitschtal",
    "Glanegg",
    "Globasnitz",
    "Glödnitz",
    "Gmünd",
    "Gmünd in Kärnten",
    "Gnesau",
    "Görtschach",
    "Greifenburg",
    "Großkirchheim",
    "Gurk",
    "Heiligenblut",
    "Hermagor District",
    "Hermagor-Pressegger See",
    "Himmelberg",
    "Hohenthurn",
    "Hörtendorf",
    "Hüttenberg",
    "Irschen",
    "Kappel am Krappfeld",
    "Kirchbach",
    "Klagenfurt am Wörthersee",
    "Klagenfurt-Land District",
    "Kleblach-Lind",
    "Klein Sankt Paul",
    "Kleinedling",
    "Kötschach",
    "Kötschach-Mauthen",
    "Köttmannsdorf",
    "Kühnsdorf",
    "Lamnitz",
    "Lavamünd",
    "Ledenitzen",
    "Leppen",
    "Lesachtal",
    "Lind",
    "Lobersberg",
    "Ludmannsdorf",
    "Lurnfeld",
    "Magdalensberg",
    "Malta",
    "Maria Rain",
    "Maria Wörth",
    "Mautbrücken",
    "Metnitz",
    "Micheldorf",
    "Mölbling",
    "Möllbrücke",
    "Mörtschach",
    "Mühldorf",
    "Neu-Feffernitz",
    "Neuhaus",
    "Nötsch im Gailtal",
    "Oberdörfl",
    "Oberdrauburg",
    "Obermillstatt",
    "Paternion",
    "Pöckau",
    "Poggersdorf",
    "Pörtschach am Wörthersee",
    "Preitenegg",
    "Priel",
    "Pusarnitz",
    "Radenthein",
    "Rain",
    "Reding",
    "Reichenau",
    "Reichenfels",
    "Reißeck",
    "Rennweg am Katschberg",
    "Rittersdorf",
    "Sankt Andrä",
    "Sankt Egyden an der Drau",
    "Sankt Georgen am Längsee",
    "Sankt Georgen im Lavanttal",
    "Sankt Jakob",
    "Sankt Jakob im Rosental",
    "Sankt Kanzian am Klopeiner See",
    "Sankt Leonhard",
    "Sankt Magdalen",
    "Sankt Margareten im Rosental",
    "Sankt Martin",
    "Sankt Paul im Lavanttal",
    "Sankt Ruprecht",
    "Sankt Stefan",
    "Sankt Stefan im Gailtal",
    "Sankt Urban",
    "Sankt Veit an der Glan District",
    "Schleben",
    "Seebach",
    "Seitenberg",
    "Sittersdorf",
    "Spittal an der Drau District",
    "St. Agathen und Perau",
    "St. Andrä",
    "St. Margareten im Rosental",
    "St. Paul im Lavanttal",
    "St. Stefan im Gailtal",
    "St. Urban",
    "St. Veit an der Glan",
    "St. Veiter Vorstadt",
    "Stall",
    "Steuerberg",
    "Stockenboi",
    "Straßburg",
    "Straßburg-Stadt",
    "Suetschach",
    "Techelsberg",
    "Timenitz",
    "Trebesing",
    "Treffen",
    "Treibach",
    "Tschachoritsch",
    "Umberg",
    "Untere Fellach",
    "Velden am Wörther See",
    "Velden am Wörthersee",
    "Viktringer Vorstadt",
    "Villach-Innere Stadt",
    "Villach-Land District",
    "Villacher Vorstadt",
    "Völkendorf",
    "Völkermarkt",
    "Völkermarkt District",
    "Völkermarkter Vorstadt",
    "Waiern",
    "Warmbad-Judendorf",
    "Weißensee",
    "Weißenstein",
    "Weitensfeld",
    "Weitensfeld im Gurktal",
    "Wernberg",
    "Winklern",
    "Wölfnitz",
    "Wolfsberg District",
    "Wudmath",
    "Zell",
    "Achau",
    "Aderklaa",
    "Allentsteig",
    "Altmelon",
    "Andlersdorf",
    "Angern an der March",
    "Arbesbach",
    "Ardagger Stift",
    "Aschbach Markt",
    "Asparn an der Zaya",
    "Atzenbrugg",
    "Au am Leithaberge",
    "Bad Schönau",
    "Bad Traunstein",
    "Bad Vöslau",
    "Baden",
    "Bärnkopf",
    "Behamberg",
    "Bergland",
    "Bischofstetten",
    "Bockfließ",
    "Böheimkirchen",
    "Breitenau",
    "Bromberg",
    "Brunn an der Schneebergbahn",
    "Brunn an der Wild",
    "Buchbach",
    "Dorfstetten",
    "Drasenhofen",
    "Drösing",
    "Droß",
    "Dürnkrut",
    "Dürnstein",
    "Echsenbach",
    "Eggern",
    "Engelhartstetten",
    "Ertl",
    "Eschenau",
    "Euratsfeld",
    "Falkenstein",
    "Fallbach",
    "Feistritz am Wechsel",
    "Fels am Wagram",
    "Ferschnitz",
    "Fischamend-Markt",
    "Frankenfels",
    "Frohsdorf",
    "Furth an der Triesting",
    "Furth bei Göttweig",
    "Gainfarn",
    "Gänserndorf",
    "Gastern",
    "Gaubitsch",
    "Gedersdorf",
    "Gerolding",
    "Gföhl",
    "Gießhübl",
    "Gnadendorf",
    "Gneixendorf",
    "Göllersdorf",
    "Göpfritz an der Wild",
    "Göstling an der Ybbs",
    "Götzendorf an der Leitha",
    "Grafenegg",
    "Grafenwörth",
    "Greinsfurth",
    "Groß-Engersdorf",
    "Groß-Enzersdorf",
    "Groß-Gerungs",
    "Groß-Schweinbarth",
    "Groß-Siegharts",
    "Großebersdorf",
    "Großharras",
    "Großhofen",
    "Großkrut",
    "Großmugl",
    "Großriedenthal",
    "Großrußbach",
    "Großweikersdorf",
    "Grünbach am Schneeberg",
    "Günselsdorf",
    "Gutenbrunn",
    "Hafnerbach",
    "Hagenbrunn",
    "Hardegg",
    "Haringsee",
    "Harland",
    "Harmannsdorf",
    "Haugschlag",
    "Haugsdorf",
    "Haunoldstein",
    "Hauskirchen",
    "Hausmening",
    "Heiligeneich",
    "Heiligenkreuz",
    "Hinterbrühl",
    "Hinterleiten",
    "Hirschbach",
    "Hochwolkersdorf",
    "Hofamt Priel",
    "Höflein",
    "Höfling",
    "Hohenruppersdorf",
    "Hollenstein an der Ybbs",
    "Hundsheim",
    "Hürm",
    "Hutten",
    "Jaidhof",
    "Jedenspeigen",
    "Kasten bei Böheimkirchen",
    "Kautzen",
    "Kematen an der Ybbs",
    "Kirchberg am Walde",
    "Kirchberg am Wechsel",
    "Kirchberg an der Pielach",
    "Kirchschlag in der Buckligen Welt",
    "Kirchstetten",
    "Kirnberg an der Mank",
    "Klausen-Leopoldsdorf",
    "Klein-Neusiedl",
    "Klein-Pöchlarn",
    "Kleinzell",
    "Königstetten",
    "Krems an der Donau",
    "Krems an der Donau Stadt",
    "Krumau am Kamp",
    "Krumnussbaum",
    "Ladendorf",
    "Langau",
    "Langenlebarn-Oberaigen",
    "Langschlag",
    "Lanzendorf",
    "Leiben",
    "Leitzersdorf",
    "Lengenfeld",
    "Leopoldsdorf im Marchfelde",
    "Lerchenfeld",
    "Lichtenwörth",
    "Loich",
    "Lunz am See",
    "Mailberg",
    "Mannsdorf an der Donau",
    "Mannswörth",
    "Marbach an der Donau",
    "Maria Laach am Jauerling",
    "Markersdorf an der Pielach",
    "Martinsberg",
    "Matzen",
    "Matzendorf",
    "Mauer bei Amstetten",
    "Mautern",
    "Michelhausen",
    "Mitterbach am Erlaufsee",
    "Mödling",
    "Möllersdorf",
    "Mönichkirchen",
    "Moosbrunn",
    "Muggendorf",
    "Münchendorf",
    "Neu-Guntramsdorf",
    "Neufurth",
    "Neusiedl",
    "Neusiedl an der Zaya",
    "Niederhollabrunn",
    "Nöchling",
    "Oberndorf in der Ebene",
    "Oberwagram",
    "Oberwölbling",
    "Oeynhausen",
    "Ottenschlag",
    "Ottenthal",
    "Otterthal",
    "Parbasdorf",
    "Paudorf",
    "Penz",
    "Pernegg",
    "Pernersdorf",
    "Persenbeug",
    "Pfaffstätten",
    "Pöchlarn",
    "Pöggstall",
    "Politischer Bezirk Amstetten",
    "Politischer Bezirk Baden",
    "Politischer Bezirk Bruck an der Leitha",
    "Politischer Bezirk Gänserndorf",
    "Politischer Bezirk Gmünd",
    "Politischer Bezirk Hollabrunn",
    "Politischer Bezirk Horn",
    "Politischer Bezirk Korneuburg",
    "Politischer Bezirk Krems",
    "Politischer Bezirk Lilienfeld",
    "Politischer Bezirk Melk",
    "Politischer Bezirk Mistelbach",
    "Politischer Bezirk Mödling",
    "Politischer Bezirk Neunkirchen",
    "Politischer Bezirk Sankt Pölten",
    "Politischer Bezirk Scheibbs",
    "Politischer Bezirk Tulln",
    "Politischer Bezirk Waidhofen an der Thaya",
    "Politischer Bezirk Wiener Neustadt",
    "Politischer Bezirk Zwettl",
    "Pottschach",
    "Prellenkirchen",
    "Prigglitz",
    "Prottes",
    "Puchenstuben",
    "Pulkau",
    "Raach am Hochgebirge",
    "Raasdorf",
    "Rabensburg",
    "Rabenstein an der Pielach",
    "Ramsau",
    "Rappottenstein",
    "Rastenfeld",
    "Ratzersdorf an der Traisen",
    "Ravelsbach",
    "Raxendorf",
    "Rehberg",
    "Reingers",
    "Reinsberg",
    "Retz",
    "Rohr im Gebirge",
    "Rohrbach an der Gölsen",
    "Röhrenbach",
    "Rohrendorf bei Krems",
    "Röschitz",
    "Rosenau am Sonntagberg",
    "Ruprechtshofen",
    "Sallingberg",
    "Sankt Aegyd am Neuwalde",
    "Sankt Andrä vor dem Hagenthale",
    "Sankt Corona am Wechsel",
    "Sankt Georgen an der Leys",
    "Sankt Leonhard am Forst",
    "Sankt Leonhard am Hornerwald",
    "Sankt Margarethen an der Sierning",
    "Sankt Pantaleon",
    "Sankt Peter in der Au Markt",
    "Sankt Pölten",
    "Sankt Pölten Stadt",
    "Sankt Veit an der Gölsen",
    "Scharndorf",
    "Scheibbs",
    "Schönau an der Triesting",
    "Schönbach",
    "Schönkirchen-Reyersdorf",
    "Schottwien",
    "Schrattenbach",
    "Schrattenberg",
    "Schrattenthal",
    "Schwarzau am Steinfeld",
    "Schwarzenbach",
    "Schwarzenbach an der Pielach",
    "Seebenstein",
    "Seibersdorf",
    "Senftenberg",
    "Seyring",
    "Sigmundsherberg",
    "Sitzendorf an der Schmida",
    "Sonntagberg",
    "Spannberg",
    "Stattersdorf",
    "Steinabrückl",
    "Stephanshart",
    "Stetteldorf am Wagram",
    "Stetten",
    "Stollhofen",
    "Stössing",
    "Stratzing",
    "Strengberg",
    "Stronsdorf",
    "Teesdorf",
    "Thomasberg",
    "Trattenbach",
    "Tulbing",
    "Türnitz",
    "Unterstinkenbrunn",
    "Unterwagram",
    "Velm",
    "Viehofen",
    "Vösendorf",
    "Waidhofen an der Ybbs Stadt",
    "Waldegg",
    "Waldhausen",
    "Waldkirchen an der Thaya",
    "Walpersbach",
    "Wartmannstetten",
    "Weidling",
    "Weinburg",
    "Weinzierl am Walde",
    "Weinzierl bei Krems",
    "Weissenbach an der Triesting",
    "Weißenkirchen in der Wachau",
    "Weistrach",
    "Wiener Neustadt Stadt",
    "Wienersdorf",
    "Wilfersdorf",
    "Willendorf am Steinfelde",
    "Windhag",
    "Windigsteig",
    "Winklarn",
    "Wolfsbach",
    "Wolfsthal",
    "Wöllersdorf",
    "Wördern",
    "Wullersdorf",
    "Würflach",
    "Würmla",
    "Ysper",
    "Zell-Arzberg",
    "Zell-Markt",
    "Zöbern",
    "Zwölfaxing",
    "Berndorf bei Salzburg",
    "Bischofshofen",
    "Bruck an der Großglocknerstraße",
    "Burgfried",
    "Bürmoos",
    "Dienten am Hochkönig",
    "Dorfbeuern",
    "Eching",
    "Esch",
    "Faistenau",
    "Forstau",
    "Georgenberg",
    "Glasenbach",
    "Grödig",
    "Grossgmain",
    "Habach",
    "Hallwang",
    "Hintersee",
    "Hof",
    "Hüttau",
    "Hüttschlag",
    "Irrsdorf",
    "Kleinarl",
    "Köstendorf",
    "Krimml",
    "Lehen",
    "Lengfelden",
    "Maishofen",
    "Mariapfarr",
    "Mitterberghütten",
    "Mitterhofen",
    "Mühlbach am Hochkönig",
    "Neualm",
    "Neukirchen am Großvenediger",
    "Niedernsill",
    "Nußdorf am Haunsberg",
    "Obergäu",
    "Pfarrwerfen",
    "Plainfeld",
    "Politischer Bezirk Hallein",
    "Politischer Bezirk Salzburg-Umgebung",
    "Politischer Bezirk Sankt Johann im Pongau",
    "Politischer Bezirk Tamsweg",
    "Ramingstein",
    "Reinbach",
    "Reitberg",
    "Salzburg Stadt",
    "Sankt Andrä im Lungau",
    "Sankt Gilgen",
    "Sankt Margarethen im Lungau",
    "Sankt Martin bei Lofer",
    "Sankt Michael im Lungau",
    "Scheffau am Tennengebirge",
    "Schleedorf",
    "St. Martin of Tennengebirge",
    "Taugl",
    "Taxach",
    "Thomatal",
    "Thumersbach",
    "Unken",
    "Unternberg",
    "Untertauern",
    "Viehhausen",
    "Viehhofen",
    "Wagnergraben",
    "Walchen",
    "Wald im Pinzgau",
    "Waldprechting",
    "Walserfeld",
    "Zederhaus",
    "Abtissendorf",
    "Aflenz Kurort",
    "Aibl",
    "Aigen im Ennstal",
    "Albersdorf",
    "Allerheiligen bei Wildon",
    "Allerheiligen im Mürztal",
    "Altaussee",
    "Altenmarkt bei Fürstenfeld",
    "Altenmarkt bei Sankt Gallen",
    "Andritz",
    "Arnfels",
    "Arzberg",
    "Attendorf",
    "Auersbach",
    "Bad Aussee",
    "Bad Waltersdorf",
    "Baierdorf-Umgebung",
    "Bairisch Kölldorf",
    "Bärnbach",
    "Baumgarten bei Gnas",
    "Bierbaum am Auersbach",
    "Birkfeld",
    "Blaindorf",
    "Breitenfeld am Tannenriegel",
    "Breitenfeld an der Rittschein",
    "Bretstein",
    "Brunn",
    "Burgau",
    "Deuchendorf",
    "Diemlach",
    "Dienersdorf",
    "Dietersdorf",
    "Donawitz",
    "Donnersbach",
    "Dürnstein in der Steiermark",
    "Edelsbach bei Feldbach",
    "Edelsgrub",
    "Edelstauden",
    "Eggenberg",
    "Eichberg",
    "Eichfeld",
    "Empersdorf",
    "Eppenstein",
    "Farrach",
    "Feistritz bei Knittelfeld",
    "Flatschach",
    "Floing",
    "Frannach",
    "Frauenberg",
    "Freidorf an der Laßnitz",
    "Freiland bei Deutschlandsberg",
    "Friedberg",
    "Fürstenfeld",
    "Gabersdorf",
    "Gallmannsegg",
    "Gamlitz",
    "Gams bei Hieflau",
    "Ganz",
    "Garanas",
    "Gasen",
    "Geidorf",
    "Geistthal",
    "Gersdorf an der Feistritz",
    "Gleinstätten",
    "Glojach",
    "Gniebing",
    "Göss",
    "Gössenberg",
    "Gossendorf",
    "Gössendorf",
    "Gösting",
    "Göttelsberg",
    "Grabersdorf",
    "Gralla",
    "Graz Stadt",
    "Greisdorf",
    "Gressenberg",
    "Gröbming",
    "Groß Sankt Florian",
    "Großklein",
    "Großlobming",
    "Großsölk",
    "Grosssulz",
    "Gundersdorf",
    "Hafendorf",
    "Hainersdorf",
    "Hainsdorf im Schwarzautal",
    "Halbenrain",
    "Hall bei Admont",
    "Hart bei Graz",
    "Hartl",
    "Hartmannsdorf",
    "Haus im Ennstal",
    "Hausmannstätten",
    "Hengsberg",
    "Hetzendorf",
    "Hieflau",
    "Hinterberg",
    "Hirnsdorf",
    "Hitzendorf",
    "Hochtregist",
    "Höf",
    "Hof bei Straden",
    "Hofstätten an der Raab",
    "Hohenau an der Raab",
    "Hollenegg",
    "Hönigsberg",
    "Ilz",
    "Innere Stadt",
    "Irdning",
    "Jakomini",
    "Johnsbach",
    "Kaibing",
    "Kainbach",
    "Kaindorf an der Sulm",
    "Kalwang",
    "Kammern im Liesingtal",
    "Kapellen",
    "Kapfenstein",
    "Kirchberg an der Raab",
    "Kirchenviertel",
    "Kitzeck im Sausal",
    "Kleinlobming",
    "Kleinsöding",
    "Kleinsölk",
    "Klöch",
    "Kloster",
    "Köflach",
    "Kohlberg",
    "Kohlschwarz",
    "Krakaudorf",
    "Krakauhintermühlen",
    "Krakauschatten",
    "Kraubath an der Mur",
    "Krottendorf",
    "Krusdorf",
    "Kulm am Zirbitz",
    "Labuch",
    "Lafnitz",
    "Landl",
    "Lang",
    "Langegg bei Graz",
    "Langenwang",
    "Lassnitzhöhe",
    "Leibnitz",
    "Leitendorf",
    "Leitersdorf im Raabtal",
    "Liebenau",
    "Liesingtal",
    "Lödersdorf",
    "Loipersdorf bei Fürstenfeld",
    "Maierdorf",
    "Mariahof",
    "Mariatrost",
    "Mautern in Steiermark",
    "Merkendorf",
    "Mettersdorf am Saßbach",
    "Michaelerberg",
    "Mitterdorf an der Raab",
    "Mitterdorf im Mürztal",
    "Mitterlabill",
    "Mitterndorf im Steirischen Salzkammergut",
    "Modriach",
    "Mönichwald",
    "Mortantsch",
    "Mühldorf bei Feldbach",
    "Mühlen",
    "Mureck",
    "Mürzhofen",
    "Mürzsteg",
    "Mürzzuschlag",
    "Naas",
    "Nestelbach im Ilztal",
    "Neuberg an der Mürz",
    "Neutillmitsch",
    "Niederöblarn",
    "Niederschöckl",
    "Niederwölz",
    "Niklasdorf",
    "Nitscha",
    "Oberdorf am Hochegg",
    "Oberhaag",
    "Oberkurzheim",
    "Oberpremstätten",
    "Oberrettenbach",
    "Oberstorcha",
    "Obervogau",
    "Oberweg",
    "Oberwölz Stadt",
    "Oberzeiring",
    "Öblarn",
    "Oppenberg",
    "Ortgraben",
    "Osterwitz",
    "Pack",
    "Palfau",
    "Perchau am Sattel",
    "Perlsdorf",
    "Pertlstein",
    "Piberegg",
    "Pichling bei Köflach",
    "Pirching am Traubenberg",
    "Pischelsdorf in der Steiermark",
    "Pistorf",
    "Pitschgau",
    "Politischer Bezirk Bruck-Mürzzuschlag",
    "Politischer Bezirk Deutschlandsberg",
    "Politischer Bezirk Graz-Umgebung",
    "Politischer Bezirk Hartberg-Fürstenfeld",
    "Politischer Bezirk Leibnitz",
    "Politischer Bezirk Leoben",
    "Politischer Bezirk Liezen",
    "Politischer Bezirk Murau",
    "Politischer Bezirk Murtal",
    "Politischer Bezirk Südoststeiermark",
    "Politischer Bezirk Voitsberg",
    "Politischer Bezirk Weiz",
    "Pöllau",
    "Pöllauberg",
    "Pöls",
    "Poppendorf",
    "Proleb",
    "Pruggern",
    "Puch bei Weiz",
    "Puntigam",
    "Pusterwald",
    "Raabau",
    "Rabenwald",
    "Rachau",
    "Ragnitz",
    "Ramsau am Dachstein",
    "Raning",
    "Ranten",
    "Rassach",
    "Ratsch an der Weinstraße",
    "Ratschendorf",
    "Ratten",
    "Reifling",
    "Rettenegg",
    "Retznei",
    "Ries",
    "Rohrbach an der Lafnitz",
    "Rosental an der Kainach",
    "Röthelstein",
    "Salla",
    "Sankt Anna am Aigen",
    "Sankt Bartholomä",
    "Sankt Blasen",
    "Sankt Gallen",
    "Sankt Georgen an der Stiefing",
    "Sankt Georgen ob Judenburg",
    "Sankt Georgen ob Murau",
    "Sankt Ilgen",
    "Sankt Jakob im Walde",
    "Sankt Jakob-Breitenau",
    "Sankt Johann am Tauern",
    "Sankt Johann bei Herberstein",
    "Sankt Johann im Saggautal",
    "Sankt Johann in der Haide",
    "Sankt Josef (Weststeiermark)",
    "Sankt Katharein an der Laming",
    "Sankt Kathrein am Offenegg",
    "Sankt Lambrecht",
    "Sankt Lorenzen am Wechsel",
    "Sankt Lorenzen bei Knittelfeld",
    "Sankt Lorenzen bei Scheifling",
    "Sankt Lorenzen im Mürztal",
    "Sankt Marein bei Graz",
    "Sankt Marein bei Knittelfeld",
    "Sankt Marein bei Neumarkt",
    "Sankt Marein im Mürztal",
    "Sankt Margarethen an der Raab",
    "Sankt Margarethen bei Knittelfeld",
    "Sankt Martin am Grimming",
    "Sankt Martin im Sulmtal",
    "Sankt Nikolai im Sausal",
    "Sankt Nikolai im Sölktal",
    "Sankt Nikolai ob Draßling",
    "Sankt Oswald bei Plankenwarth",
    "Sankt Oswald ob Eibiswald",
    "Sankt Peter am Kammersberg",
    "Sankt Peter am Ottersbach",
    "Sankt Peter im Sulmtal",
    "Sankt Peter ob Judenburg",
    "Sankt Peter-Freienstein",
    "Sankt Radegund bei Graz",
    "Sankt Stefan ob Leoben",
    "Sankt Stefan ob Stainz",
    "Sankt Ulrich am Waasen",
    "Sankt Veit am Vogau",
    "Schachen bei Vorau",
    "Schäffern",
    "Schöder",
    "Schrems bei Frohnleiten",
    "Schwarzau im Schwarzautal",
    "Seggauberg",
    "Selzthal",
    "Siegersdorf bei Herberstein",
    "Soboth",
    "Söchau",
    "Södingberg",
    "Spatenhof",
    "Spielfeld",
    "Spital am Semmering",
    "Stadl an der Mur",
    "Stainach",
    "Stallhof",
    "Stallhofen",
    "Stambach",
    "Stein",
    "Stenzengreith",
    "Stiwoll",
    "Strallegg",
    "Straß in Steiermark",
    "Straßgang",
    "Sulztal an der Weinstraße",
    "Thörl",
    "Tillmitsch",
    "Tillmitsch Links der Laßnitz",
    "Trahütten",
    "Trautmannsdorf in Oststeiermark",
    "Treglwang",
    "Triebendorf",
    "Trössing",
    "Turnau",
    "Übelbach",
    "Übersbach",
    "Ungerdorf",
    "Unterauersbach",
    "Unterbergla",
    "Unterfladnitz",
    "Unterpremstätten",
    "Utschtal",
    "Vasoldsberg",
    "Vogau",
    "Wagnitz",
    "Wald am Schoberpaß",
    "Waltendorf",
    "Weinburg am Saßbach",
    "Weißenbach bei Liezen",
    "Weißkirchen in Steiermark",
    "Wernersdorf",
    "Wettmannstätten",
    "Wetzelsdorf",
    "Wildalpen",
    "Winklern bei Oberwölz",
    "Wolfsberg im Schwarzautal",
    "Wörschach",
    "Wörth an der Lafnitz",
    "Zerlach",
    "Zeutschach",
    "Abfaltersbach",
    "Amlach",
    "Amras",
    "Angath",
    "Angerberg",
    "Anras",
    "Arzl",
    "Arzl im Pitztal",
    "Aschau im Zillertal",
    "Aurach",
    "Außervillgraten",
    "Bad Häring",
    "Brandenberg",
    "Breitenbach am Inn",
    "Brixlegg",
    "Buch in Tirol",
    "Debant",
    "Dölsach",
    "Eben am Achensee",
    "Ehenbichl",
    "Elbigenalp",
    "Ellbögen",
    "Elmen",
    "Endach",
    "Erl",
    "Fendels",
    "Fiecht",
    "Flaurling",
    "Flirsch",
    "Forchach",
    "Fritzens",
    "Fügen",
    "Fügenberg",
    "Galtür",
    "Gerlosberg",
    "Götzens",
    "Gramais",
    "Grän",
    "Gries im Sellrain",
    "Grins",
    "Grinzens",
    "Hainzenberg",
    "Hart im Zillertal",
    "Häselgehr",
    "Heinfels",
    "Hippach",
    "Hochfilzen",
    "Höfen",
    "Holzgau",
    "Hopfgarten in Defereggen",
    "Hötting",
    "Imsterberg",
    "Innervillgraten",
    "Innsbruck Stadt",
    "Itter",
    "Kaltenbach",
    "Karres",
    "Karrösten",
    "Kartitsch",
    "Kauns",
    "Kitzbühel",
    "Kolsass",
    "Kolsassberg",
    "Kössen",
    "Ladis",
    "Längenfeld",
    "Lans",
    "Mariastein",
    "Mariatal",
    "Medraz",
    "Mieders",
    "Mils bei Imst",
    "Mils bei Solbad Hall",
    "Mitterndorf",
    "Mötz",
    "Mühlau",
    "Mühlbachl",
    "Münster",
    "Musau",
    "Namlos",
    "Natters",
    "Nesselwängle",
    "Neustift im Stubaital",
    "Niederau",
    "Niederbreitenbach",
    "Nikolsdorf",
    "Oberlienz",
    "Obermieming",
    "Oberndorf in Tirol",
    "Obertilliach",
    "Ötztal-Bahnhof",
    "Pfaffenhofen",
    "Pflach",
    "Pians",
    "Pill",
    "Politischer Bezirk Imst",
    "Politischer Bezirk Innsbruck Land",
    "Politischer Bezirk Kitzbühel",
    "Politischer Bezirk Kufstein",
    "Politischer Bezirk Landeck",
    "Politischer Bezirk Lienz",
    "Politischer Bezirk Reutte",
    "Politischer Bezirk Schwaz",
    "Polling in Tirol",
    "Pradl",
    "Prutz",
    "Ranggen",
    "Rattenberg",
    "Reith bei Kitzbühel",
    "Rettenschöss",
    "Ried im Oberinntal",
    "Rietz",
    "Rohrberg",
    "Sankt Johann in Tirol",
    "Sankt Ulrich am Pillersee",
    "Sankt Veit in Defereggen",
    "Sautens",
    "Scharnitz",
    "Schattwald",
    "Schlaiten",
    "Schönberg im Stubaital",
    "Schönwies",
    "Schwendt",
    "See",
    "Sellrain",
    "Sölden",
    "Söll",
    "St Anton am Arlberg",
    "Stanz bei Landeck",
    "Stanzach",
    "Steeg",
    "Strass im Zillertal",
    "Strengen",
    "Terfens",
    "Thurn",
    "Tobadill",
    "Trins",
    "Tulfes",
    "Tux",
    "Umhausen",
    "Unterlangkampfen",
    "Unterperfuss",
    "Untertilliach",
    "Vals",
    "Vils",
    "Voldöpp",
    "Völs",
    "Vomp",
    "Vorderhornbach",
    "Vorderthiersee",
    "Wängle",
    "Wattenberg",
    "Weer",
    "Weerberg",
    "Weissach",
    "Wildermieming",
    "Wildschönau",
    "Wilten",
    "Wörgl",
    "Zellberg",
    "Zöblen",
    "Abwinden",
    "Adlwang",
    "Afiesl",
    "Ahorn",
    "Aichkirchen",
    "Aigen im Mühlkreis",
    "Allerheiligen im Mühlkreis",
    "Allhaming",
    "Altenfelden",
    "Altlichtenberg",
    "Altmünster",
    "Ampflwang",
    "Arnreit",
    "Aschach an der Steyr",
    "Attnang",
    "Atzesberg",
    "Au an der Traun",
    "Audorf",
    "Aurach am Hongar",
    "Aurolzmünster",
    "Bachmanning",
    "Bad Leonfelden",
    "Bad Zell",
    "Bergern",
    "Bergham",
    "Bernardin",
    "Brandln",
    "Braunau Neustadt",
    "Dickerldorf",
    "Diesseits",
    "Dietachdorf",
    "Doppl",
    "Dörfl",
    "Dürnau",
    "Eberstalzell",
    "Eidenberg",
    "Fisching",
    "Fornach",
    "Freindorf",
    "Gaumberg",
    "Geboltskirchen",
    "Goldwörth",
    "Grünau im Almtal",
    "Grünburg",
    "Gschwandt",
    "Hagenberg im Mühlkreis",
    "Haibach im Mühlkreis",
    "Haiden",
    "Haidl",
    "Handenberg",
    "Hartheim",
    "Haselbach",
    "Haslach an der Mühl",
    "Hellmonsödt",
    "Hochburg-Ach",
    "Hochpoint",
    "Hörsching",
    "Innerschwand",
    "Kematen an der Krems",
    "Kirchberg ob der Donau",
    "Klaffer am Hochficht",
    "Königswiesen",
    "Kremsmünster",
    "Kronstorf",
    "Laab",
    "Laahen",
    "Lambach",
    "Langholzfeld",
    "Laussa",
    "Lembach im Mühlkreis",
    "Leonstein",
    "Linz Stadt",
    "Losenstein",
    "Manning",
    "Maria Neustift",
    "Mattighofen",
    "Michaelnbach",
    "Micheldorf in Oberösterreich",
    "Mittertreffling",
    "Munderfing",
    "Münzbach",
    "Münzkirchen",
    "Nebelberg",
    "Neubau",
    "Neue Heimat",
    "Neukirchen an der Vöckla",
    "Neukirchen bei Lambach",
    "Neumarkt im Mühlkreis",
    "Niederstraß",
    "Niederthalheim",
    "Nöstlbach",
    "Oberhaid",
    "Oberhart",
    "Oberhofen am Irrsee",
    "Obernberg am Inn",
    "Oberndorf bei Schwanenstadt",
    "Oberwang",
    "Oedt",
    "Ottenschlag im Mühlkreis",
    "Ottnang am Hausruck",
    "Palting",
    "Pattigham",
    "Pennewang",
    "Pfaffing",
    "Pfarrkirchen bei Bad Hall",
    "Pierbach",
    "Pitzenberg",
    "Plesching",
    "Politischer Bezirk Braunau am Inn",
    "Politischer Bezirk Eferding",
    "Politischer Bezirk Freistadt",
    "Politischer Bezirk Gmunden",
    "Politischer Bezirk Grieskirchen",
    "Politischer Bezirk Kirchdorf an der Krems",
    "Politischer Bezirk Linz-Land",
    "Politischer Bezirk Perg",
    "Politischer Bezirk Ried im Innkreis",
    "Politischer Bezirk Rohrbach",
    "Politischer Bezirk Schärding",
    "Politischer Bezirk Steyr-Land",
    "Politischer Bezirk Urfahr-Umgebung",
    "Politischer Bezirk Vöcklabruck",
    "Pötting",
    "Prambachkirchen",
    "Pramet",
    "Puchheim",
    "Puchlkirchen am Trattberg",
    "Pühret",
    "Raffelstetten",
    "Rainbach im Mühlkreis",
    "Ranshofen",
    "Redleiten",
    "Reichenau im Mühlkreis",
    "Reichenthal",
    "Reiterndorf",
    "Rohr im Kremstal",
    "Rohrbach-Berg",
    "Roitham",
    "Rufling",
    "Rüstorf",
    "Rutzenham",
    "Sammersdorf",
    "Sankt Aegidi",
    "Sankt Dionysen",
    "Sankt Georgen am Fillmannsbach",
    "Sankt Georgen an der Gusen",
    "Sankt Georgen bei Obernberg am Inn",
    "Sankt Gotthard im Mühlkreis",
    "Sankt Lorenz",
    "Sankt Marien",
    "Sankt Martin im Mühlkreis",
    "Sankt Oswald bei Freistadt",
    "Sankt Peter am Hart",
    "Sankt Wolfgang im Salzkammergut",
    "Sattledt",
    "Schafwiesen",
    "Schalchham",
    "Schärding",
    "Schärding Vorstadt",
    "Schenkenfelden",
    "Schildorn",
    "Schlatt",
    "Schlüsslberg",
    "Schöndorf",
    "Schönering",
    "Schörfling",
    "Schweinbach",
    "Sonnberg im Mühlkreis",
    "Stadl-Hausruck",
    "Stadl-Traun",
    "Steinbach am Attersee",
    "Steyr Stadt",
    "Strassham",
    "Taiskirchen im Innkreis",
    "Timelkam",
    "Tragwein",
    "Ufer",
    "Untereisenfeld",
    "Unterjosefstal",
    "Viechtwang",
    "Vöcklabruck",
    "Vöcklamarkt",
    "Wagram",
    "Waldneukirchen",
    "Wartberg ob der Aist",
    "Weißenkirchen im Attergau",
    "Weitersfelden",
    "Wels Stadt",
    "Wels-Land",
    "Wendling",
    "Weyer",
    "Weyregg",
    "Wimpassing",
    "Wimsbach",
    "Windhaag bei Freistadt",
    "Windhaag bei Perg",
    "Wippenham",
    "Wispl",
    "Wolfern",
    "Wolfsegg am Hausruck",
    "Zell am Pettenfirst",
    "Zell an der Pram",
    "Zwettl an der Rodl",
    "Donaustadt",
    "Favoriten",
    "Floridsdorf",
    "Hernals",
    "Hietzing",
    "Meidling",
    "Ottakring",
    "Simmering",
    "Andelsbuch",
    "Ausserbraz",
    "Bartholomäberg",
    "Batschuns",
    "Bildstein",
    "Blons",
    "Brand",
    "Bürs",
    "Bürserberg",
    "Damüls",
    "Düns",
    "Dünserberg",
    "Eichenberg",
    "Frastanz",
    "Fraxern",
    "Fußach",
    "Gaißau",
    "Göfis",
    "Götzis",
    "Großdorf",
    "Hittisau",
    "Höchst",
    "Hohenweiler",
    "Hörbranz",
    "Innerbraz",
    "Klösterle",
    "Langen",
    "Langenegg",
    "Lingenau",
    "Lorüns",
    "Mäder",
    "Mellau",
    "Möggers",
    "Nüziders",
    "Politischer Bezirk Bludenz",
    "Politischer Bezirk Bregenz",
    "Politischer Bezirk Dornbirn",
    "Politischer Bezirk Feldkirch",
    "Raggal",
    "Reuthe",
    "Röns",
    "Röthis",
    "Sankt Anton im Montafon",
    "Schnepfau",
    "Schnifis",
    "Schröcken",
    "Schwarzenberg",
    "Sibratsgfäll",
    "Silbertal",
    "Stallehr",
    "Thüringen",
    "Übersaxen",
    "Vandans"
  ]
}