{
  "name": "Portugal",
  "cities": [
    "Abobada",
    "Abrantes",
    "Acores",
    "Aguada de Cima",
    "Agualva",
    "Agucadoura",
    "Aguiar da Beira Municipality",
    "Alandroal",
    "Albergaria-a-Velha",
    "Albufeira",
    "Alcabideche",
    "Alcacer do Sal",
    "Alcains",
    "Alcanede",
    "Alcanena",
    "Alcobaca",
    "Alcochete",
    "Alcoentre",
    "Aldeia de Paio Pires",
    "Aldeia do Meio",
    "Aldeia dos Fernandes",
    "Alenquer",
    "Alfarelos",
    "Alfena",
    "Alfornelos",
    "Alfragide",
    "Alges",
    "Algoz",
    "Algueirao",
    "Alhandra",
    "Alhos Vedros",
    "Aljezur",
    "Aljustrel",
    "Almada",
    "Almancil",
    "Almargem",
    "Almeirim",
    "Almodovar",
    "Alpiarca",
    "Alportel",
    "Alqueidao da Serra",
    "Alter do Chao",
    "Altura",
    "Alvaiazere",
    "Alvarinhos",
    "Alvelos",
    "Alverca",
    "Amadora",
    "Amarante",
    "Amares",
    "Amiaes de Cima",
    "Amor",
    "Amora",
    "Amoreira",
    "Amorim",
    "Anadia",
    "Anta",
    "Apulia",
    "Arazede",
    "Arco da Calheta",
    "Arcos de Valdevez",
    "Arcozelo",
    "Arganil",
    "Argoncilhe",
    "Armacao de Pera",
    "Arouca",
    "Arraiolos",
    "Arrifana",
    "Arronches",
    "Arruda dos Vinhos",
    "Arvore",
    "Assumar",
    "Atalaia",
    "Atouguia da Baleia",
    "Avanca",
    "Aveiras de Cima",
    "Aveiro",
    "Avelar",
    "Avidos",
    "Avintes",
    "Azoia",
    "Azueira",
    "Azurem",
    "Baguim",
    "Baguim do Monte",
    "Baleia",
    "Baltar",
    "Barcarena",
    "Barcelos",
    "Barreiro",
    "Barrosas",
    "Basto",
    "Batalha",
    "Beira",
    "Beja",
    "Belas",
    "Belmonte",
    "Bemfica",
    "Benafim",
    "Benavente",
    "Benedita",
    "Bicesse",
    "Bico",
    "Boavista",
    "Bobadela",
    "Boliqueime",
    "Bombarral",
    "Borba",
    "Boticas",
    "Bouca",
    "Braga",
    "Braganca",
    "Brito",
    "Bucelas",
    "Buraca",
    "Cabanelas",
    "Cabeceiras de Basto",
    "Cabeco de Vide",
    "Cabecudos",
    "Cabrela",
    "Cacela",
    "Cacem",
    "Cacilhas",
    "Cadaval",
    "Caldas",
    "Caldas da Rainha",
    "Caldas das Taipas",
    "Caldas de Sao Jorge",
    "Caldas de Vizela",
    "Calvao",
    "Calvaria de Cima",
    "Camarate",
    "Caminha",
    "Campanario",
    "Campia",
    "Campinho",
    "Campo",
    "Campo Maior",
    "Canecas",
    "Canedo",
    "Canelas",
    "Canhas",
    "Canical",
    "Canico",
    "Canidelo",
    "Cano",
    "Cantanhede",
    "Caparica",
    "Caramulo",
    "Carapinheira",
    "Carcavelos",
    "Carnaxide",
    "Carrazedo",
    "Carregado",
    "Carrico",
    "Cartaxo",
    "Carvalhal",
    "Carvalho",
    "Carvalhosa",
    "Carvoeiro",
    "Casal",
    "Casal da Areia",
    "Cascais",
    "Castanheira do Ribatejo",
    "Castelejo",
    "Castelo",
    "Castelo Branco",
    "Castelo de Paiva",
    "Castro Daire",
    "Castro Marim",
    "Castro Verde Municipality",
    "Catraia de Sao Paio",
    "Cavaleiros",
    "Cavaloes",
    "Caxias",
    "Ceira",
    "Celorico de Basto",
    "Cercal",
    "Cernache",
    "Cesar",
    "Chao de Couce",
    "Charneca",
    "Chaves",
    "Cidade",
    "Cinfaes",
    "Coimbra",
    "Colares",
    "Colmeias",
    "Condeixa-a-Nova",
    "Constance",
    "Constancia",
    "Corroios",
    "Cortegaca",
    "Costa de Caparica",
    "Costa de Lavos",
    "Covilha",
    "Creixomil",
    "Cruz Quebrada",
    "Cuba",
    "Cucujaes",
    "Dalvares",
    "Damaia",
    "Darque",
    "Dois Portos",
    "Dona Maria",
    "Dossaos",
    "Eixo",
    "Elvas",
    "Encarnacao",
    "Entroncamento",
    "Ericeira",
    "Ermidas",
    "Escapaes",
    "Escoural",
    "Esmoriz",
    "Espinho",
    "Esposende",
    "Estarreja",
    "Estoi",
    "Estombar",
    "Estoril",
    "Estremoz",
    "Evora",
    "Fafe",
    "Famoes",
    "Fanzeres",
    "Fao",
    "Faro",
    "Feira",
    "Felgueiras",
    "Ferradosa",
    "Ferreira",
    "Ferreira do Alentejo",
    "Ferrel",
    "Ferro",
    "Fiaes",
    "Figueira da Foz Municipality",
    "Figueira de Lorvao",
    "Figueiro dos Vinhos",
    "Fogueteiro",
    "Folgados",
    "Forte",
    "Foz do Sousa",
    "Fradelos",
    "Freamunde",
    "Frielas",
    "Funchal",
    "Fundao",
    "Gafanha da Nazare",
    "Galiza",
    "Gandara dos Olivais",
    "Gandra",
    "Garruchas",
    "Gemunde",
    "Godim",
    "Golega",
    "Gondomar",
    "Gouveia",
    "Graca",
    "Gradil",
    "Grandola",
    "Granja",
    "Granja do Ulmeiro",
    "Grijo",
    "Guarda",
    "Guardizela",
    "Guia",
    "Guimaraes",
    "Gulpilhares",
    "Igreja Nova",
    "Ilhavo",
    "Infesta",
    "Joane",
    "Jovim",
    "Juncal",
    "Lagarinhos",
    "Lago",
    "Lagoa",
    "Lagoas",
    "Lagos",
    "Lajes",
    "Lamego",
    "Landim",
    "Lavos",
    "Lavra",
    "Lavradio",
    "Leca da Palmeira",
    "Leca do Bailio",
    "Leiria",
    "Linda a Velha",
    "Linhaceira",
    "Linho",
    "Lisbon",
    "Lordelo",
    "Loule",
    "Lourel de Baixo",
    "Loures",
    "Lourical",
    "Lourosa",
    "Lousa",
    "Lousada",
    "Lousado",
    "Macas de Caminho",
    "Maceda",
    "Macedo de Cavaleiros",
    "Maceira",
    "Machico",
    "Macieira da Lixa",
    "Madeira",
    "Mafra",
    "Maia",
    "Malveira",
    "Malveira da Serra",
    "Mamouros",
    "Mangualde",
    "Manique de Baixo",
    "Manique do Intendente",
    "Marco",
    "Marco de Canaveses",
    "Margaride",
    "Marinha",
    "Marinha Grande",
    "Marinhais",
    "Marteleira",
    "Martinganca",
    "Massama",
    "Massarelos",
    "Matosinhos Municipality",
    "Mealhada",
    "Mem Martins",
    "Mesao Frio",
    "Mexilhoeira Grande",
    "Milharado",
    "Milhazes",
    "Minde",
    "Mira",
    "Miranda do Corvo",
    "Miranda do Douro",
    "Mirandela",
    "Mocarria",
    "Modivas",
    "Moita",
    "Moncao",
    "Monchique",
    "Monforte",
    "Monsanto",
    "Monsaraz",
    "Montalvo",
    "Monte Estoril",
    "Montelavar",
    "Montemor-o-Novo",
    "Montemor-o-Velho",
    "Montes",
    "Montijo",
    "Moreira de Conegos",
    "Mortagua",
    "Moscavide",
    "Moura",
    "Moure",
    "Mourisca do Vouga",
    "Mozelos",
    "Muro",
    "Murtede",
    "Murteira",
    "Nadadouro",
    "Negrelos",
    "Neiva",
    "Nelas",
    "Nespereira",
    "Nine",
    "Nisa",
    "Nogueira",
    "Nogueira da Regedoura",
    "Nogueira do Cravo",
    "Obidos",
    "Odemira",
    "Odivelas",
    "Oeiras",
    "Oia",
    "Olhao",
    "Olhos de Agua",
    "Olivais",
    "Olival",
    "Oliveira",
    "Oliveira do Bairro",
    "Oliveira do Douro",
    "Oliveira do Hospital",
    "Ortiga",
    "Ota",
    "Ourem",
    "Ourique",
    "Outeiro",
    "Ovar",
    "Paco de Arcos",
    "Paderne",
    "Palhaca",
    "Palhais",
    "Palmeira",
    "Palmela",
    "Parada de Gonta",
    "Parada do Bispo",
    "Paraiso",
    "Parchal",
    "Pardilho",
    "Parede",
    "Paredes",
    "Paredes da Beira",
    "Paredes de Coura",
    "Pataias",
    "Paul",
    "Pechao",
    "Pedreiras",
    "Pedroso",
    "Pedroucos",
    "Pegoes Velhos",
    "Penacova",
    "Penafiel",
    "Penedono",
    "Penela",
    "Penha Garcia",
    "Peniche",
    "Penteado",
    "Pereira",
    "Pero Pinheiro",
    "Pevidem",
    "Piedade",
    "Pinhal",
    "Pinhal Novo",
    "Pinheiro",
    "Pinheiro da Bemposta",
    "Pinheiro de Azere",
    "Poceirao",
    "Poco Barreto",
    "Poiares",
    "Polima",
    "Pombal",
    "Ponta",
    "Ponta Delgada",
    "Ponta do Sol",
    "Ponte",
    "Ponte da Barca",
    "Ponte de Lima",
    "Ponte de Sor",
    "Ponte de Vagos",
    "Pontevel",
    "Pontinha",
    "Portalegre",
    "Portel",
    "Portela",
    "Portimao",
    "Porto",
    "Porto Alto",
    "Porto da Cruz",
    "Porto de Mos",
    "Porto Moniz",
    "Porto Salvo",
    "Povoa",
    "Povoa da Galega",
    "Povoa de Lanhoso",
    "Povoa de Santa Iria",
    "Povoa de Santo Adriao",
    "Povoa do Forno",
    "Prado",
    "Pragal",
    "Praia da Vitoria",
    "Praia de Mira",
    "Praia do Almoxarife",
    "Praia do Carvoeiro",
    "Praia do Ribatejo",
    "Prazins",
    "Prime",
    "Proenca-a-Nova",
    "Quarteira",
    "Quejas",
    "Queluz",
    "Queluz de Baixo",
    "Quinchaes",
    "Quinta",
    "Quinta do Anjo",
    "Ramada",
    "Ramo",
    "Rana",
    "Real",
    "Rebordosa",
    "Recarei",
    "Redondo",
    "Regueira de Pontes",
    "Reguengo Grande",
    "Reguengos de Monsaraz",
    "Riachos",
    "Riba de Ave",
    "Ribeira Brava",
    "Ribeira Grande",
    "Ribeirao",
    "Rinchoa",
    "Rio de Moinhos",
    "Rio de Mouro",
    "Rio Maior",
    "Rio Tinto",
    "Romariz",
    "Ronfe",
    "Roque",
    "Roriz",
    "Runa",
    "Sabugal",
    "Sacavem",
    "Salreu",
    "Salto",
    "Salvaterra de Magos",
    "Samil",
    "Samora Correia",
    "Samouco",
    "Sandim",
    "Sanfins do Douro",
    "Sangalhos",
    "Sanguedo",
    "Santa Barbara de Nexe",
    "Santa Catarina",
    "Santa Catarina da Serra",
    "Santa Clara-a-Velha",
    "Santa Comba Dao",
    "Santa Cruz",
    "Santa Iria da Azoia",
    "Santa Marta",
    "Santa Marta de Penaguiao",
    "Santana",
    "Santiago",
    "Santiago da Guarda",
    "Santiago de Riba-Ul",
    "Santiago do Cacem",
    "Santo Andre",
    "Santo Antao do Tojal",
    "Santo Antonio",
    "Santo Antonio da Charneca",
    "Santo Tirso",
    "Sao Bras",
    "Sao Bras de Alportel",
    "Sao Domingos de Rana",
    "Sao Felix da Marinha",
    "Sao Francisco",
    "Sao Joao",
    "Sao Joao da Madeira",
    "Sao Joao da Talha",
    "Sao Joao das Lampas",
    "Sao Joao de Ver",
    "Sao Joao do Campo",
    "Sao Joao dos Montes",
    "Sao Juliao do Tojal",
    "Sao Mamede de Infesta",
    "Sao Marcos",
    "Sao Pedro da Cadeira",
    "Sao Pedro do Estoril",
    "Sao Romao do Coronado",
    "Sao Roque",
    "Sao Vicente da Beira",
    "Sao Vicente de Lafoes",
    "Sardoal",
    "Sarilhos Grandes",
    "Satao",
    "Seia",
    "Seixal",
    "Sendim",
    "Senhora da Hora",
    "Seroa",
    "Serpa",
    "Serpins",
    "Serta",
    "Sesimbra",
    "Sete Rios",
    "Sever do Vouga",
    "Silva",
    "Silvares",
    "Silveira",
    "Silves",
    "Sines Municipality",
    "Sintra",
    "Soalheira",
    "Sobrado",
    "Sobrado de Paiva",
    "Sobral de Monte Agraco",
    "Sobralinho",
    "Sobreda",
    "Sobreiro",
    "Sobrosa",
    "Soito",
    "Soure Municipality",
    "Souto da Carpalhosa",
    "Souzel",
    "Sul",
    "Tabuaco",
    "Talaide",
    "Tamel",
    "Tarouca",
    "Taveiro",
    "Tavira Municipality",
    "Teixoso",
    "Telhado",
    "Tercena",
    "Terena",
    "Tires",
    "Tocha",
    "Tomar",
    "Tondela",
    "Torre da Marinha",
    "Torre de Moncorvo",
    "Torres Novas",
    "Torres Vedras",
    "Touguinha",
    "Tourais",
    "Trafaria",
    "Trancoso",
    "Trancoso de Baixo",
    "Travanca",
    "Treixedo",
    "Trofa",
    "Tunes",
    "Turcifal",
    "Vagos",
    "Valado de Frades",
    "Valbom",
    "Vale",
    "Vale da Pinta",
    "Vale de Acor",
    "Vale de Cambra",
    "Valega",
    "Valenca",
    "Valongo",
    "Valverde",
    "Varzea do Douro",
    "Venda do Pinheiro",
    "Vendas Novas",
    "Vermelha",
    "Vermoil",
    "Vialonga",
    "Viana do Alentejo",
    "Viana do Castelo",
    "Vidago",
    "Vidigueira",
    "Vieira de Leiria",
    "Vieira do Minho",
    "Vila Alva",
    "Vila Boa de Quires",
    "Vila Cha",
    "Vila Cha de Ourique",
    "Vila de Porto Santo",
    "Vila do Bispo",
    "Vila do Conde",
    "Vila Franca de Xira",
    "Vila Franca do Rosario",
    "Vila Nogueira de Azeitao",
    "Vila Nova",
    "Vila Nova da Barquinha",
    "Vila Nova de Cerveira",
    "Vila Nova de Famalicao",
    "Vila Nova de Gaia",
    "Vila Nova de Paiva",
    "Vila Praia de Ancora",
    "Vila Real",
    "Vila Verde",
    "Vilar de Perdizes",
    "Vilar do Paraiso",
    "Vilar do Pinheiro",
    "Vilar Formoso",
    "Vilarinho das Paranheiras",
    "Vilarinho de Arcos",
    "Vilarinho do Bairro",
    "Vilela",
    "Vimieiro",
    "Vinhais",
    "Viseu",
    "Vizela",
    "Zambujal",
    "Zibreira",
    "Águeda",
    "Aradas",
    "Arcos",
    "Beduido",
    "Branca",
    "Cortegaça",
    "Cucujães",
    "Esgueira",
    "Espargo",
    "Fiães",
    "Gafanha da Encarnação",
    "Gafanha da Nazaré",
    "Ílhavo",
    "Lamas",
    "Lobão",
    "Luso",
    "Macieira de Cambra",
    "Milheirós de Poiares",
    "Mosteirô",
    "Murtosa",
    "Oiã",
    "Oliveira de Azemeis",
    "Oliveira de Azeméis",
    "Oliveirinha",
    "Paços de Brandão",
    "Pampilhosa do Botão",
    "Pardilhó",
    "Rio Meão",
    "Sanfins",
    "Santa Maria da Feira",
    "São João",
    "São João da Madeira",
    "São João de Ver",
    "São Roque",
    "Silvalde",
    "Souto",
    "Válega",
    "Vila Chã",
    "Água de Pau",
    "Angra do Heroísmo",
    "Angústias",
    "Arrifes",
    "Biscoitos",
    "Cabouco",
    "Cais do Pico",
    "Calheta",
    "Calheta de São Jorge",
    "Corvo",
    "Fajã de Baixo",
    "Fenais da Ajuda",
    "Fenais da Luz",
    "Feteira",
    "Fonte Bastardo",
    "Furnas",
    "Horta",
    "Lajes das Flores",
    "Lajes do Pico",
    "Madalena",
    "Mosteiros",
    "Nordeste",
    "Ponta Garça",
    "Porto Judeu",
    "Porto Martins",
    "Povoação",
    "Praia da Vitória",
    "Rabo de Peixe",
    "Relva",
    "Ribeira Seca",
    "Ribeirinha",
    "Rosto de Cão",
    "Santa Bárbara",
    "Santa Cruz da Graciosa",
    "Santa Cruz das Flores",
    "São Bartolomeu",
    "São Mateus",
    "São Roque do Pico",
    "São Sebastião",
    "São Vicente",
    "Senhora do Rosário",
    "Velas",
    "Vila do Porto",
    "Vila Franca do Campo",
    "Aldeia Nova de São Bento",
    "Almodôvar",
    "Almograve",
    "Alvito",
    "Barrancos",
    "Beringel",
    "Boavista dos Pinheiros",
    "Cabeça Gorda",
    "Castro Verde",
    "Mértola",
    "Minas de São Domingos",
    "Neves",
    "Penedo Gordo",
    "Salvada",
    "São Luis",
    "São Teotónio",
    "Vila Nova de Milfontes",
    "Zambujeira do Mar",
    "Adaúfe",
    "Apúlia",
    "Apúlia e Fão",
    "Arões",
    "Aveleda",
    "Barqueiros",
    "Caldelas",
    "Calendário",
    "Candoso",
    "Chavão",
    "Cristelo",
    "Esporões",
    "Faria",
    "Ferreiros",
    "Frossos",
    "Galegos",
    "Gondizalves",
    "Gueral",
    "Guimarães",
    "Guisande",
    "Macieira de Rates",
    "Marinhas",
    "Mariz",
    "Merelim",
    "Negreiros",
    "Perelhal",
    "Póvoa de Lanhoso",
    "Refojos de Basto",
    "Rendufe",
    "Ribeirão",
    "Sande",
    "Selho",
    "Semelhe",
    "Serzedelo",
    "Serzedo",
    "Tebosa",
    "Terras de Bouro",
    "Urgeses",
    "Várzea",
    "Vila Cova",
    "Vila Frescainha",
    "Vila Nova de Famalicão",
    "Vila Seca",
    "Vilaça",
    "Vilar de Figos",
    "Alfândega da Fé",
    "Belver",
    "Bragança Municipality",
    "Carrazeda de Anciães",
    "Carrazeda de Ansiães",
    "Freixo de Espada à Cinta",
    "Mogadouro",
    "Vila Flor",
    "Vimioso",
    "Aldeia de Joanes",
    "Covilhã",
    "Fundão",
    "Idanha-A-Nova",
    "Oleiros",
    "Penamacor",
    "Proença-a-Nova",
    "Sertã",
    "Vila de Rei",
    "Vila Velha de Ródão",
    "Alhadas",
    "Ançã",
    "Assafarge",
    "Buarcos",
    "Figueira da Foz",
    "Góis",
    "Lorvão",
    "Lousã",
    "Oliveira do Mondego",
    "Pampilhosa da Serra",
    "Santa Clara",
    "Santo António dos Olivais",
    "São Pedro de Alva",
    "Soure",
    "Tábua",
    "Tavarede",
    "Vila Nova de Poiares",
    "Évora",
    "Mora",
    "Mourão",
    "Vila Viçosa",
    "Alcantarilha",
    "Alcoutim",
    "Alvor",
    "Armação de Pêra",
    "Bensafrim",
    "Cabanas de Tavira",
    "Conceição",
    "Estói",
    "Estômbar",
    "Ferragudo",
    "Ferreiras",
    "Fuzeta",
    "Laranjeiro",
    "Loulé",
    "Luz",
    "Manta Rota",
    "Marmelete",
    "Moncarapacho",
    "Monte Gordo",
    "Olhão",
    "Olhos de Água",
    "Pêra",
    "Porches",
    "Portimão",
    "Sagres",
    "Santa Bárbara de Nexe",
    "Santa Luzia",
    "São Bartolomeu de Messines",
    "São Brás de Alportel",
    "São Marcos da Serra",
    "Senhora da Luz",
    "Tavira",
    "Vila Nova De Cacela",
    "Vila Real de Santo António",
    "Vilamoura",
    "Abrigada",
    "Açores",
    "Adão",
    "Águas Belas",
    "Aguiar da Beira",
    "Ajuda",
    "Albardo",
    "Alcântara",
    "Aldeia da Ponte",
    "Aldeia da Ribeira",
    "Aldeia de Santo António",
    "Aldeia do Bispo",
    "Aldeia Galega da Merceana",
    "Aldeia Gavinha",
    "Aldeia Nova, Miranda do Douro",
    "Aldeia Velha",
    "Aldeia Viçosa",
    "Aldeias",
    "Alfaiates",
    "Algés",
    "Algodres",
    "Alguber",
    "Algueirão",
    "Algueirão–Mem Martins",
    "Almargem do Bispo",
    "Almeida",
    "Almendra",
    "Almofala",
    "Alto do Pina",
    "Alvalade",
    "Alvendre",
    "Alverca da Beira",
    "Alverca do Ribatejo",
    "Alvoco da Serra",
    "Ameixoeira",
    "Anjos",
    "Apelação",
    "Arranhó",
    "Arruda Dos Vinhos",
    "Aveiras de Baixo",
    "Avelãs da Ribeira",
    "Aveloso",
    "Azambuja",
    "Azambuja (town)",
    "Azenhas do Mar",
    "Azevo",
    "Baraçal",
    "Barreira",
    "Beato",
    "Bendada",
    "Benespera",
    "Benfica",
    "Bismula",
    "Bouça Cova",
    "Brandoa",
    "Cabanas de Torres",
    "Cabeça",
    "Cachoeiras",
    "Cadafais",
    "Cadafaz",
    "Calhandriz",
    "Campelos",
    "Campo Grande",
    "Campolide",
    "Caneças",
    "Carapito",
    "Cardosas",
    "Carmões",
    "Carnicães",
    "Carnide",
    "Carnota",
    "Carragozela",
    "Carrapichana",
    "Carvoeira",
    "Casal de Cambra",
    "Casal de Cinza",
    "Casal Vasco",
    "Casas do Soeiro",
    "Castanheira",
    "Casteição",
    "Casteleiro",
    "Castelo (Lisbon)",
    "Castelo Bom",
    "Castelo Melhor",
    "Castelo Rodrigo",
    "Cativelos",
    "Cavadoude",
    "Cedovim",
    "Celorico da Beira",
    "Cerdeira",
    "Cerejo",
    "Chãs",
    "Cheleiros",
    "Codesseiro",
    "Cogula",
    "Coração de Jesus",
    "Coriscada",
    "Cortiçada",
    "Cortiçô",
    "Cortiçô da Serra",
    "Coruche",
    "Corujeira",
    "Cótimos",
    "Cruz Quebrada - Dafundo",
    "Custoias",
    "Dornelas",
    "Eirado",
    "Encarnação",
    "Enxara do Bispo",
    "Ervas Tenras",
    "Ervedosa",
    "Escalhão",
    "Faia",
    "Falagueira",
    "Famalicão",
    "Famões",
    "Fanhões",
    "Fernão Joanes",
    "Figueira de Castelo Rodrigo",
    "Figueira do Guincho",
    "Figueiró da Granja",
    "Figueiró da Serra",
    "Figueiros",
    "Fóios",
    "Folgosinho",
    "Folhadosa",
    "Fontanelas",
    "Fonte Longa",
    "Forninhos",
    "Forno Telheiro",
    "Fornos de Algodres",
    "Forte da Casa",
    "Freches",
    "Freineda",
    "Freiria",
    "Freixeda do Torrão",
    "Freixedas",
    "Freixo",
    "Freixo de Numão",
    "Gagos",
    "Girabolhos",
    "Gonçalo",
    "Gonçalo Bocas",
    "Graça",
    "Gradiz",
    "Guilheiro",
    "Infias",
    "Jarmelo São Miguel",
    "Jarmelo São Pedro",
    "João Antão",
    "Junça",
    "Juncais",
    "Lajeosa",
    "Lajeosa do Mondego",
    "Lamegal",
    "Lameiras",
    "Lapa",
    "Lapa Dos Dinheiros",
    "Leomil",
    "Linda-a-Velha",
    "Linhares (Celorico da Beira)",
    "Longroiva",
    "Loriga",
    "Lourinhã",
    "Lumiar",
    "Maçainhas",
    "Maçal do Chão",
    "Maçussa",
    "Malcata",
    "Malhada Sorda",
    "Malpartida",
    "Mangualde da Serra",
    "Manigoto",
    "Manteigas",
    "Manteigas (São Pedro)",
    "Marialva",
    "Marmeleiro",
    "Mártires",
    "Marvila",
    "Massamá",
    "Mata de Lobos",
    "Matacães",
    "Matança",
    "Maxial",
    "Meca",
    "Mêda",
    "Meios",
    "Melo",
    "Mercês",
    "Mesquitela",
    "Mina",
    "Minhocal",
    "Mira-Sintra",
    "Miragaia",
    "Miuzela",
    "Mizarela",
    "Moimenta da Serra",
    "Moimentinha",
    "Moita dos Ferreiros",
    "Moledo",
    "Monte Abraão",
    "Monte Redondo",
    "Moreira de Rei",
    "Mós",
    "Murça",
    "Muxagata",
    "Nabais",
    "Nave",
    "Nave de Haver",
    "Nossa Senhora de Fátima",
    "Numão",
    "Odivelas Municipality",
    "Oeiras e São Julião da Barra",
    "Olhalvo",
    "Olival de Basto",
    "Olival do Basto",
    "Outeiro da Cabeça",
    "Outeiro de Gatos",
    "Paço de Arcos",
    "Paços da Serra",
    "Painho",
    "Pala",
    "Panoias de Cima",
    "Parada",
    "Paranhos",
    "Pega",
    "Pena",
    "Pena Lobo",
    "Pena Verde",
    "Penha de Águia",
    "Penha de França",
    "Pêra do Moço",
    "Peral",
    "Pereiro",
    "Pereiro de Palhacana",
    "Pêro Moniz",
    "Peva",
    "Pinhanços",
    "Pinhel",
    "Pínzio",
    "Poço do Canto",
    "Pomares",
    "Ponte do Rol",
    "Porto da Carne",
    "Pousada",
    "Pousafoles do Bispo",
    "Póvoa de Santa Iria",
    "Póvoa de Santo Adrião",
    "Póvoa do Concelho",
    "Prados",
    "Prazeres",
    "Prior Velho",
    "Prova",
    "Quadrazais",
    "Queijas",
    "Queiriz",
    "Quintã de Pêro Martins",
    "Quintas de São Bartolomeu",
    "Rabaçal",
    "Ramalhal",
    "Ramela",
    "Ranhados",
    "Rapa",
    "Rapoula do Côa",
    "Ratoeira",
    "Reboleira",
    "Reboleiro",
    "Rebolosa",
    "Reigada",
    "Rendo",
    "Ribafria",
    "Ribamar",
    "Ribamondego",
    "Ribeira Dos Carinhos",
    "Rio de Mel",
    "Rio Torto",
    "Rochoso",
    "Ruvina",
    "Sabugueiro",
    "Sacavém",
    "Sacramento",
    "Safurdão",
    "Salgueirais",
    "Sameice",
    "Sameiro",
    "Sandomil",
    "Santa Comba",
    "Santa Engrácia",
    "Santa Eufémia",
    "Santa Eulália",
    "Santa Iria da Azóia",
    "Santa Iria de Azoia",
    "Santa Isabel",
    "Santa Justa",
    "Santa Maria",
    "Santa Maria de Belém",
    "Santa Maria do Castelo e São Miguel",
    "Santa Maria dos Olivais",
    "Santa Maria e São Miguel",
    "Santa Marinha",
    "Santana da Azinha",
    "Santiago dos Velhos",
    "Santo Antão do Tojal",
    "Santo António dos Cavaleiros",
    "Santo Condestável",
    "Santo Estêvão",
    "Santo Estêvão das Galés",
    "Santo Isidoro",
    "Santo Quintino",
    "Santos-o-Velho",
    "São Bartolomeu dos Galegos",
    "São Brás",
    "São Cristóvão e São Lourenço",
    "São Domingos de Benfica",
    "São Domingos de Rana",
    "São Francisco Xavier",
    "São João da Talha",
    "São João das Lampas",
    "São João de Brito",
    "São João de Deus",
    "São João Dos Montes",
    "São Jorge de Arroios",
    "São José",
    "São Julião",
    "São Julião do Tojal",
    "São Mamede",
    "São Marcos",
    "São Martinho",
    "São Miguel",
    "São Miguel da Guarda",
    "São Miguel de Alcainça",
    "São Nicolau",
    "São Paio",
    "São Paulo",
    "São Pedro",
    "São Pedro da Cadeira",
    "São Pedro de Penaferrim",
    "São Pedro de Rio Seco",
    "São Romão",
    "São Sebastião da Pedreira",
    "São Vicente de Fora",
    "Sapataria",
    "Sazes da Beira",
    "Sé",
    "Sebadelhe",
    "Sebadelhe da Serra",
    "Seixas",
    "Seixo do Côa",
    "Sequeira",
    "Sequeiros",
    "Sintra (town)",
    "Sobral da Abelheira",
    "Sobral da Serra",
    "Sobral de Monte Agraço",
    "Sobral Pichorro",
    "Socorro",
    "Sortelha",
    "Souro Pires",
    "Souto de Aguiar da Beira",
    "Souto Maior",
    "Tamanhos",
    "Teixeira",
    "Terrenho",
    "Terrugem",
    "Torre do Terrenho",
    "Torres",
    "Torrozelo",
    "Touça",
    "Travancinha",
    "Triana",
    "Trinta",
    "Unhos",
    "Valdujo",
    "Vale da Mula",
    "Vale de Amoreira",
    "Vale de Azares",
    "Vale de Espinho",
    "Vale de Estrela",
    "Vale do Paraíso",
    "Vale do Seixo",
    "Vale Flor",
    "Valezim",
    "Valhelhas",
    "Várzea de Meruge",
    "Vascoveiro",
    "Vela",
    "Velosa",
    "Venda Nova",
    "Venteira",
    "Ventosa",
    "Vermiosa",
    "Vide",
    "Vide Entre Vinhas",
    "Videmonte",
    "Vila Boa",
    "Vila Boa do Mondego",
    "Vila Cortês da Serra",
    "Vila Cortês do Mondego",
    "Vila Cova à Coelheira",
    "Vila do Touro",
    "Vila Fernando",
    "Vila Franca da Serra",
    "Vila Franca das Naves",
    "Vila Franca do Deão",
    "Vila Franca do Rosário",
    "Vila Garcia",
    "Vila Nova da Rainha",
    "Vila Nova de Foz Côa",
    "Vila Nova de São Pedro",
    "Vila Nova de Tazem",
    "Vila Ruiva",
    "Vila Soeiro do Chão",
    "Vila Verde dos Francos",
    "Vilar",
    "Vilar de Amargo",
    "Vilar Maior",
    "Vilar Torpim",
    "Vilares",
    "Vimeiro",
    "Vinhó",
    "A dos Francos",
    "Alcobaça",
    "Alfeizerão",
    "Aljubarrota",
    "Alvaiázere",
    "Alvorninha",
    "Ansião",
    "Caranguejeira",
    "Castanheira de Pêra",
    "Cela",
    "Figueiró Dos Vinhos",
    "Foz do Arelho",
    "Louriçal",
    "Monte Real",
    "Nazaré",
    "Óbidos",
    "Pedrógão Grande",
    "Porto de Mós",
    "Salir de Matos",
    "São Martinho do Porto",
    "Serra de El-Rei",
    "Turquel",
    "Vestiaria",
    "Vidais",
    "A dos Cunhados",
    "Beato António",
    "Cacém",
    "Moscavide e Portela",
    "São João dos Montes",
    "Água de Pena",
    "Boaventura",
    "Camacha",
    "Câmara de Lobos",
    "Campanário",
    "Caniçal",
    "Caniço",
    "Curral das Freiras",
    "Estreito da Calheta",
    "Faial",
    "Fajã da Ovelha",
    "Nossa Senhora do Monte",
    "Porto Santo",
    "São Jorge",
    "Alter do Chão",
    "Avis",
    "Castelo de Vide",
    "Crato",
    "Fronteira",
    "Gavião",
    "Marvão",
    "Montargil",
    "Santo André",
    "Sousel",
    "Vale da Amoreira",
    "Água Longa",
    "Águas Santas",
    "Aguçadoura",
    "Alpendurada",
    "Argivai",
    "Árvore",
    "Aver-o-Mar",
    "Aves",
    "Azenha",
    "Baião",
    "Balazar",
    "Beiriz de Baixo",
    "Bougado",
    "Castelões de Cepeda",
    "Ermesinde",
    "Estela",
    "Fânzeres",
    "Figueiró",
    "Foz do Douro",
    "Frazão",
    "Grijó",
    "Guifões",
    "Leça da Palmeira",
    "Leça do Bailio",
    "Lustosa",
    "Marco de Canavezes",
    "Matosinhos",
    "Meinedo",
    "Melres",
    "Milheirós",
    "Mindelo",
    "Moreira",
    "Paços de Ferreira",
    "Pedrouços",
    "Perafita",
    "Perozinho",
    "Póvoa de Varzim",
    "Rebordões",
    "Rio Mau",
    "Santa Cruz do Bispo",
    "Santo Izidoro",
    "São Félix da Marinha",
    "São Mamede de Infesta",
    "São Miguel do Couto",
    "São Pedro da Cova",
    "São Romão do Coronado",
    "Sermonde",
    "Telões",
    "Vairão",
    "Valadares",
    "Vila Meã",
    "Vila Nova da Telha",
    "Vilar de Andorinho",
    "Vilar do Paraíso",
    "Vilarinho",
    "Alcanhões",
    "Alferrarede",
    "Alpiarça",
    "Amiães de Baixo",
    "Azinhaga",
    "Chamusca",
    "Constância",
    "Fátima",
    "Fazendas de Almeirim",
    "Ferreira do Zêzere",
    "Golegã",
    "Mação",
    "Montalvinho",
    "Ourém",
    "Paialvo",
    "Pego",
    "Pinheiro Grande",
    "Poceirão",
    "Pontével",
    "Santa Margarida da Coutada",
    "Santarém",
    "São Miguel de Rio Torto",
    "São Vicente do Paul",
    "Tramagal",
    "Vale de Figueira",
    "Vale de Santarém",
    "Vila Chã de Ourique",
    "Alcácer do Sal",
    "Arrentela",
    "Azeitão",
    "Charneca de Caparica",
    "Comporta",
    "Grândola",
    "Laranjeira",
    "Porto Covo",
    "Quinta Do Conde",
    "Rosairinho",
    "Santiago do Cacém",
    "Santo António da Charneca",
    "Sarilhos Pequenos",
    "Setúbal",
    "Sines",
    "Areosa",
    "Meadela",
    "Melgaço",
    "Monção",
    "Valença",
    "Valenza",
    "Vila Praia de Âncora",
    "Alijó",
    "Favaios",
    "Mesão Frio",
    "Mondim de Basto",
    "Montalegre",
    "Peso da Régua",
    "Ribeira de Pena",
    "Sabrosa",
    "Santa Marta de Penaguião",
    "Sobreira",
    "Valpaços",
    "Vila Pouca de Aguiar",
    "Abraveses",
    "Armamar",
    "Cabanas de Viriato",
    "Campo de Besteiros",
    "Canas de Senhorim",
    "Carregal do Sal",
    "Cinfães",
    "Ervedosa do Douro",
    "Moimenta da Beira",
    "Mortágua",
    "Oliveira de Frades",
    "Penalva do Castelo",
    "Resende",
    "Rio de Loba",
    "Santa Comba Dão",
    "São João da Pesqueira",
    "São João de Areias",
    "São Pedro do Sul",
    "Sátão",
    "Sernancelhe",
    "Tabuaço",
    "Vouzela"
  ]
}